state,month,year,dem_percentage,gop_percentage,winner,margin
AL,Nov,2020,36.0,62.0,R,26.0
AL,Nov,2020,38.0,55.0,R,17.0
AL,Nov,2020,38.0,58.0,R,20.0
AL,Oct,2020,39.0,58.0,R,19.0
AL,Oct,2020,37.0,61.0,R,24.0
AL,Oct,2020,37.0,56.0,R,19.0
AL,Oct,2020,38.0,55.0,R,17.0
AL,Oct,2020,37.0,57.0,R,20.0
AL,Sep,2020,39.0,59.0,R,20.0
AL,Aug,2020,33.0,65.0,R,32.0
AL,Aug,2020,44.0,48.0,R,4.0
AL,Aug,2020,36.0,58.0,R,22.0
AL,Jul,2020,35.0,63.0,R,28.0
AL,Jul,2020,41.0,55.0,R,14.0
AL,Jun,2020,35.0,63.0,R,28.0
AL,May,2020,39.0,53.0,R,14.0
AL,Feb,2020,38.0,58.0,R,20.0
AL,Jan,2020,38.0,59.0,R,21.0
AK,Nov,2020,45.0,54.0,R,9.0
AK,Oct,2020,43.0,52.0,R,9.0
AK,Oct,2020,44.0,54.0,R,10.0
AK,Oct,2020,45.0,50.0,R,5.0
AK,Oct,2020,39.0,45.0,R,6.0
AK,Oct,2020,46.0,49.0,R,3.0
AK,Oct,2020,46.0,50.0,R,4.0
AK,Sep,2020,45.0,53.0,R,8.0
AK,Sep,2020,46.0,47.0,R,1.0
AK,Aug,2020,42.0,57.0,R,15.0
AK,Jul,2020,43.0,55.0,R,12.0
AK,Jul,2020,44.0,50.0,R,6.0
AK,Jul,2020,45.0,48.0,R,3.0
AK,Jul,2020,48.0,49.0,R,1.0
AK,Jun,2020,46.0,52.0,R,6.0
AK,Aug,2019,40.0,45.0,R,5.0
AZ,Nov,2020,50.0,47.0,D,3.0
AZ,Nov,2020,49.0,47.0,D,2.0
AZ,Nov,2020,50.0,48.0,D,2.0
AZ,Nov,2020,52.0,46.0,D,6.0
AZ,Nov,2020,50.0,47.0,D,3.0
AZ,Nov,2020,48.0,48.0,E,0.0
AZ,Nov,2020,51.0,46.0,D,5.0
AZ,Nov,2020,50.0,47.0,D,3.0
AZ,Oct,2020,48.1,50.4,R,2.299999999999997
AZ,Oct,2020,48.0,46.0,D,2.0
AZ,Oct,2020,48.0,46.0,D,2.0
AZ,Oct,2020,45.9,45.3,D,0.6000000000000014
AZ,Oct,2020,49.0,43.0,D,6.0
AZ,Oct,2020,45.0,48.0,R,3.0
AZ,Oct,2020,50.0,46.0,D,4.0
AZ,Oct,2020,45.0,49.0,R,4.0
AZ,Oct,2020,50.0,46.0,D,4.0
AZ,Oct,2020,48.0,44.0,D,4.0
AZ,Oct,2020,46.5,49.0,R,2.5
AZ,Oct,2020,52.0,46.0,D,6.0
AZ,Oct,2020,47.0,47.0,E,0.0
AZ,Oct,2020,48.0,46.0,D,2.0
AZ,Oct,2020,52.0,44.0,D,8.0
AZ,Oct,2020,49.0,43.0,D,6.0
AZ,Oct,2020,49.0,46.0,D,3.0
AZ,Oct,2020,50.0,45.0,D,5.0
AZ,Oct,2020,52.0,45.0,D,7.0
AZ,Oct,2020,50.0,47.0,D,3.0
AZ,Oct,2020,46.0,46.0,E,0.0
AZ,Oct,2020,50.0,46.0,D,4.0
AZ,Oct,2020,49.0,46.0,D,3.0
AZ,Oct,2020,47.0,48.0,R,1.0
AZ,Oct,2020,48.0,46.0,D,2.0
AZ,Oct,2020,51.0,45.0,D,6.0
AZ,Oct,2020,47.0,46.0,D,1.0
AZ,Oct,2020,49.0,44.0,D,5.0
AZ,Oct,2020,45.0,47.0,R,2.0
AZ,Oct,2020,47.0,42.0,D,5.0
AZ,Oct,2020,49.0,45.0,D,4.0
AZ,Oct,2020,49.0,47.0,D,2.0
AZ,Oct,2020,50.0,46.0,D,4.0
AZ,Oct,2020,50.0,44.0,D,6.0
AZ,Oct,2020,51.0,44.0,D,7.0
AZ,Oct,2020,49.0,47.0,D,2.0
AZ,Oct,2020,48.0,45.0,D,3.0
AZ,Oct,2020,49.0,46.0,D,3.0
AZ,Oct,2020,48.0,46.0,D,2.0
AZ,Oct,2020,44.0,48.0,R,4.0
AZ,Oct,2020,49.0,45.0,D,4.0
AZ,Oct,2020,50.0,47.0,D,3.0
AZ,Oct,2020,49.0,43.0,D,6.0
AZ,Oct,2020,48.0,46.0,D,2.0
AZ,Oct,2020,48.0,45.0,D,3.0
AZ,Oct,2020,48.0,48.0,E,0.0
AZ,Oct,2020,48.0,43.0,D,5.0
AZ,Oct,2020,46.0,45.0,D,1.0
AZ,Oct,2020,51.0,45.0,D,6.0
AZ,Oct,2020,49.0,41.0,D,8.0
AZ,Oct,2020,50.0,46.0,D,4.0
AZ,Oct,2020,45.0,46.0,R,1.0
AZ,Sep,2020,50.0,46.0,D,4.0
AZ,Sep,2020,51.0,47.0,D,4.0
AZ,Sep,2020,49.0,45.0,D,4.0
AZ,Sep,2020,47.0,47.0,E,0.0
AZ,Sep,2020,49.0,45.0,D,4.0
AZ,Sep,2020,50.0,46.0,D,4.0
AZ,Sep,2020,47.0,44.0,D,3.0
AZ,Sep,2020,45.0,46.0,R,1.0
AZ,Sep,2020,49.0,43.0,D,6.0
AZ,Sep,2020,48.0,49.0,R,1.0
AZ,Sep,2020,53.0,42.0,D,11.0
AZ,Sep,2020,49.0,47.0,D,2.0
AZ,Sep,2020,47.0,46.0,D,1.0
AZ,Sep,2020,47.0,42.0,D,5.0
AZ,Sep,2020,48.0,44.0,D,4.0
AZ,Sep,2020,48.0,46.0,D,2.0
AZ,Sep,2020,47.0,47.0,E,0.0
AZ,Sep,2020,49.0,40.0,D,9.0
AZ,Sep,2020,49.0,46.0,D,3.0
AZ,Sep,2020,45.0,40.0,D,5.0
AZ,Sep,2020,50.0,48.0,D,2.0
AZ,Sep,2020,47.0,44.0,D,3.0
AZ,Sep,2020,52.0,42.0,D,10.0
AZ,Sep,2020,48.0,47.0,D,1.0
AZ,Sep,2020,49.0,46.0,D,3.0
AZ,Sep,2020,49.0,45.0,D,4.0
AZ,Sep,2020,48.0,43.0,D,5.0
AZ,Sep,2020,49.0,40.0,D,9.0
AZ,Sep,2020,49.0,39.0,D,10.0
AZ,Aug,2020,47.0,48.0,R,1.0
AZ,Aug,2020,48.0,49.0,R,1.0
AZ,Aug,2020,47.0,52.0,R,5.0
AZ,Aug,2020,52.0,42.0,D,10.0
AZ,Aug,2020,49.0,47.0,D,2.0
AZ,Aug,2020,47.0,38.0,D,9.0
AZ,Aug,2020,45.0,47.0,R,2.0
AZ,Aug,2020,53.0,47.0,D,6.0
AZ,Aug,2020,45.0,44.0,D,1.0
AZ,Aug,2020,45.0,46.0,R,1.0
AZ,Aug,2020,49.0,45.0,D,4.0
AZ,Aug,2020,48.0,51.0,R,3.0
AZ,Aug,2020,45.0,43.0,D,2.0
AZ,Aug,2020,47.0,44.0,D,3.0
AZ,Jul,2020,47.0,51.0,R,4.0
AZ,Jul,2020,47.0,45.0,D,2.0
AZ,Jul,2020,49.0,42.0,D,7.0
AZ,Jul,2020,49.0,43.0,D,6.0
AZ,Jul,2020,49.0,45.0,D,4.0
AZ,Jul,2020,46.0,38.0,D,8.0
AZ,Jul,2020,50.0,45.0,D,5.0
AZ,Jul,2020,49.0,45.0,D,4.0
AZ,Jul,2020,49.0,45.0,D,4.0
AZ,Jul,2020,47.0,45.0,D,2.0
AZ,Jul,2020,51.0,45.0,D,6.0
AZ,Jul,2020,46.0,46.0,E,0.0
AZ,Jul,2020,49.0,44.0,D,5.0
AZ,Jul,2020,48.0,42.0,D,6.0
AZ,Jun,2020,46.0,52.0,R,6.0
AZ,Jun,2020,47.0,45.0,D,2.0
AZ,Jun,2020,47.0,43.0,D,4.0
AZ,Jun,2020,51.0,44.0,D,7.0
AZ,Jun,2020,45.0,49.0,R,4.0
AZ,Jun,2020,43.0,39.0,D,4.0
AZ,Jun,2020,48.0,41.0,D,7.0
AZ,Jun,2020,49.0,45.0,D,4.0
AZ,Jun,2020,47.0,44.0,D,3.0
AZ,Jun,2020,45.0,44.0,D,1.0
AZ,Jun,2020,45.0,47.0,R,2.0
AZ,Jun,2020,46.0,42.0,D,4.0
AZ,May,2020,44.0,45.0,R,1.0
AZ,May,2020,45.0,47.0,R,2.0
AZ,May,2020,46.0,46.0,E,0.0
AZ,May,2020,47.0,45.0,D,2.0
AZ,May,2020,45.0,41.0,D,4.0
AZ,May,2020,50.0,43.0,D,7.0
AZ,May,2020,45.0,47.0,R,2.0
AZ,Apr,2020,47.0,46.0,D,1.0
AZ,Apr,2020,52.0,43.0,D,9.0
AZ,Mar,2020,47.0,46.0,D,1.0
AZ,Mar,2020,46.0,43.0,D,3.0
AZ,Mar,2020,50.0,42.0,D,8.0
AZ,Mar,2020,49.0,43.0,D,6.0
AZ,Mar,2020,47.0,46.0,D,1.0
AZ,Feb,2020,42.0,46.0,R,4.0
AZ,Jan,2020,45.0,50.0,R,5.0
AZ,Jan,2020,46.0,46.0,E,0.0
AZ,Dec,2019,44.0,46.0,R,2.0
AZ,Oct,2019,50.0,50.0,E,0.0
AZ,Oct,2019,49.0,46.0,D,3.0
AZ,Sep,2019,42.0,43.0,R,1.0
AZ,Aug,2019,45.0,43.0,D,2.0
AZ,Jul,2019,45.0,50.0,R,5.0
AZ,May,2019,49.0,44.0,D,5.0
AZ,Feb,2019,46.0,46.0,E,0.0
AR,Nov,2020,38.0,61.0,R,23.0
AR,Oct,2020,38.0,60.0,R,22.0
AR,Oct,2020,32.0,65.0,R,33.0
AR,Oct,2020,34.0,58.0,R,24.0
AR,Sep,2020,38.0,62.0,R,24.0
AR,Aug,2020,32.0,67.0,R,35.0
AR,Jul,2020,32.0,66.0,R,34.0
AR,Jun,2020,38.0,59.0,R,21.0
AR,Jun,2020,45.0,47.0,R,2.0
CA,Nov,2020,62.0,36.0,D,26.0
CA,Nov,2020,62.0,31.0,D,31.0
CA,Oct,2020,65.0,28.0,D,37.0
CA,Oct,2020,61.0,37.0,D,24.0
CA,Oct,2020,62.0,35.0,D,27.0
CA,Oct,2020,65.0,29.0,D,36.0
CA,Oct,2020,58.0,32.0,D,26.0
CA,Sep,2020,63.0,35.0,D,28.0
CA,Sep,2020,59.0,34.0,D,25.0
CA,Sep,2020,62.0,28.0,D,34.0
CA,Sep,2020,67.0,28.0,D,39.0
CA,Sep,2020,60.0,31.0,D,29.0
CA,Sep,2020,56.0,39.0,D,17.0
CA,Aug,2020,63.0,35.0,D,28.0
CA,Aug,2020,61.0,31.0,D,30.0
CA,Aug,2020,61.0,25.0,D,36.0
CA,Jul,2020,63.0,35.0,D,28.0
CA,Jul,2020,67.0,28.0,D,39.0
CA,Jun,2020,62.0,36.0,D,26.0
CA,May,2020,57.0,33.0,D,24.0
CA,May,2020,58.0,30.0,D,28.0
CA,May,2020,65.0,35.0,D,30.0
CA,Mar,2020,67.0,29.0,D,38.0
CA,Mar,2020,62.0,26.0,D,36.0
CA,Feb,2020,59.0,31.0,D,28.0
CA,Feb,2020,60.0,35.0,D,25.0
CA,Feb,2020,58.0,31.0,D,27.0
CA,Feb,2020,57.0,37.0,D,20.0
CA,Feb,2020,60.0,30.0,D,30.0
CA,Jan,2020,59.0,35.0,D,24.0
CA,Dec,2019,56.0,36.0,D,20.0
CA,Nov,2019,59.0,32.0,D,27.0
CA,Oct,2019,59.0,32.0,D,27.0
CA,Sep,2019,64.0,36.0,D,28.0
CA,Sep,2019,57.0,31.0,D,26.0
CA,Aug,2019,61.0,27.0,D,34.0
CA,Mar,2018,56.0,33.0,D,23.0
CO,Nov,2020,55.0,44.0,D,11.0
CO,Nov,2020,53.0,41.0,D,12.0
CO,Nov,2020,54.0,42.0,D,12.0
CO,Nov,2020,55.0,41.0,D,14.0
CO,Oct,2020,54.0,41.0,D,13.0
CO,Oct,2020,59.0,40.0,D,19.0
CO,Oct,2020,55.0,39.0,D,16.0
CO,Oct,2020,55.0,38.0,D,17.0
CO,Oct,2020,51.0,43.0,D,8.0
CO,Oct,2020,53.0,42.0,D,11.0
CO,Oct,2020,54.0,39.0,D,15.0
CO,Oct,2020,54.0,40.0,D,14.0
CO,Oct,2020,47.0,38.0,D,9.0
CO,Oct,2020,50.0,40.0,D,10.0
CO,Sep,2020,57.0,41.0,D,16.0
CO,Sep,2020,49.0,43.0,D,6.0
CO,Sep,2020,50.0,40.0,D,10.0
CO,Sep,2020,50.0,39.0,D,11.0
CO,Aug,2020,57.0,41.0,D,16.0
CO,Aug,2020,51.0,41.0,D,10.0
CO,Aug,2020,51.0,42.0,D,9.0
CO,Aug,2020,51.0,41.0,D,10.0
CO,Aug,2020,51.0,41.0,D,10.0
CO,Aug,2020,52.0,40.0,D,12.0
CO,Jul,2020,58.0,40.0,D,18.0
CO,Jul,2020,52.0,39.0,D,13.0
CO,Jul,2020,51.0,41.0,D,10.0
CO,Jul,2020,54.0,41.0,D,13.0
CO,Jun,2020,56.0,39.0,D,17.0
CO,Jun,2020,57.0,42.0,D,15.0
CO,May,2020,50.0,42.0,D,8.0
CO,May,2020,53.0,40.0,D,13.0
CO,May,2020,55.0,36.0,D,19.0
CO,Apr,2020,53.0,35.0,D,18.0
CO,Feb,2020,46.0,43.0,D,3.0
CO,Aug,2019,55.0,45.0,D,10.0
CO,Jul,2019,51.0,42.0,D,9.0
CT,Nov,2020,60.0,38.0,D,22.0
CT,Nov,2020,64.0,33.0,D,31.0
CT,Oct,2020,63.0,35.0,D,28.0
CT,Oct,2020,51.0,26.0,D,25.0
CT,Sep,2020,61.0,37.0,D,24.0
CT,Aug,2020,64.0,35.0,D,29.0
CT,Jul,2020,59.0,39.0,D,20.0
CT,Jun,2020,65.0,32.0,D,33.0
CT,May,2020,52.0,33.0,D,19.0
CT,May,2020,56.0,33.0,D,23.0
CT,Apr,2020,47.0,34.0,D,13.0
CT,Mar,2020,52.0,36.0,D,16.0
CT,Jan,2020,52.0,32.0,D,20.0
CT,Oct,2019,52.0,33.0,D,19.0
DE,Nov,2020,60.0,38.0,D,22.0
DE,Oct,2020,62.0,37.0,D,25.0
DE,Sep,2020,61.0,37.0,D,24.0
DE,Sep,2020,54.0,33.0,D,21.0
DE,Aug,2020,67.0,32.0,D,35.0
DE,Aug,2020,58.0,37.0,D,21.0
DE,Jul,2020,67.0,31.0,D,36.0
DE,Jun,2020,64.0,34.0,D,30.0
DE,Jan,2020,56.0,40.0,D,16.0
DC,Nov,2020,94.0,5.0,D,89.0
DC,Oct,2020,89.0,9.0,D,80.0
DC,Sep,2020,86.0,12.0,D,74.0
DC,Aug,2020,83.0,16.0,D,67.0
DC,Jul,2020,91.0,8.0,D,83.0
DC,Jun,2020,87.0,11.0,D,76.0
FL,Nov,2020,47.0,48.0,R,1.0
FL,Nov,2020,47.0,49.0,R,2.0
FL,Nov,2020,49.0,49.0,E,0.0
FL,Nov,2020,45.0,43.0,D,2.0
FL,Nov,2020,51.0,48.0,D,3.0
FL,Nov,2020,46.0,47.0,R,1.0
FL,Nov,2020,47.0,42.0,D,5.0
FL,Nov,2020,53.0,46.0,D,7.0
FL,Nov,2020,51.0,48.0,D,3.0
FL,Nov,2020,50.0,46.0,D,4.0
FL,Nov,2020,50.0,46.0,D,4.0
FL,Nov,2020,51.0,47.0,D,4.0
FL,Oct,2020,51.0,49.0,D,2.0
FL,Oct,2020,48.0,47.0,D,1.0
FL,Oct,2020,47.0,44.0,D,3.0
FL,Oct,2020,52.0,45.0,D,7.0
FL,Oct,2020,49.0,48.0,D,1.0
FL,Oct,2020,51.0,47.0,D,4.0
FL,Oct,2020,52.0,45.0,D,7.0
FL,Oct,2020,49.0,48.0,D,1.0
FL,Oct,2020,51.0,47.0,D,4.0
FL,Oct,2020,48.5,48.5,E,0.0
FL,Oct,2020,52.0,45.0,D,7.0
FL,Oct,2020,50.0,47.0,D,3.0
FL,Oct,2020,48.0,50.0,R,2.0
FL,Oct,2020,50.0,46.0,D,4.0
FL,Oct,2020,47.0,50.0,R,3.0
FL,Oct,2020,50.0,45.0,D,5.0
FL,Oct,2020,51.0,45.0,D,6.0
FL,Oct,2020,50.0,46.0,D,4.0
FL,Oct,2020,48.0,50.0,R,2.0
FL,Oct,2020,51.0,47.0,D,4.0
FL,Oct,2020,45.0,42.0,D,3.0
FL,Oct,2020,48.0,47.0,D,1.0
FL,Oct,2020,49.0,47.0,D,2.0
FL,Oct,2020,46.0,51.0,R,5.0
FL,Oct,2020,48.0,46.0,D,2.0
FL,Oct,2020,47.0,50.0,R,3.0
FL,Oct,2020,50.0,48.0,D,2.0
FL,Oct,2020,44.0,49.0,R,5.0
FL,Oct,2020,49.0,46.0,D,3.0
FL,Oct,2020,45.0,47.0,R,2.0
FL,Oct,2020,47.0,48.0,R,1.0
FL,Oct,2020,50.0,48.0,D,2.0
FL,Oct,2020,49.0,47.0,D,2.0
FL,Oct,2020,50.0,48.0,D,2.0
FL,Oct,2020,52.0,46.0,D,6.0
FL,Oct,2020,46.0,48.0,R,2.0
FL,Oct,2020,46.0,50.0,R,4.0
FL,Oct,2020,51.0,46.0,D,5.0
FL,Oct,2020,50.0,46.0,D,4.0
FL,Oct,2020,50.0,45.0,D,5.0
FL,Oct,2020,51.0,47.0,D,4.0
FL,Oct,2020,50.0,46.0,D,4.0
FL,Oct,2020,52.0,45.0,D,7.0
FL,Oct,2020,50.0,45.0,D,5.0
FL,Oct,2020,48.0,47.0,D,1.0
FL,Oct,2020,48.0,48.0,E,0.0
FL,Oct,2020,50.0,47.0,D,3.0
FL,Oct,2020,49.0,47.0,D,2.0
FL,Oct,2020,46.0,48.0,R,2.0
FL,Oct,2020,50.0,44.0,D,6.0
FL,Oct,2020,49.0,47.0,D,2.0
FL,Oct,2020,51.0,48.0,D,3.0
FL,Oct,2020,48.0,45.0,D,3.0
FL,Oct,2020,47.0,40.0,D,7.0
FL,Oct,2020,48.0,39.0,D,9.0
FL,Oct,2020,46.0,41.0,D,5.0
FL,Oct,2020,51.0,46.0,D,5.0
FL,Oct,2020,53.0,42.0,D,11.0
FL,Oct,2020,51.0,47.0,D,4.0
FL,Oct,2020,48.0,46.0,D,2.0
FL,Oct,2020,50.0,44.0,D,6.0
FL,Oct,2020,46.0,47.0,R,1.0
FL,Oct,2020,46.0,49.0,R,3.0
FL,Oct,2020,49.0,47.0,D,2.0
FL,Oct,2020,49.0,45.0,D,4.0
FL,Oct,2020,49.0,44.0,D,5.0
FL,Oct,2020,51.0,40.0,D,11.0
FL,Oct,2020,50.0,46.0,D,4.0
FL,Oct,2020,45.0,45.0,E,0.0
FL,Oct,2020,45.0,46.0,R,1.0
FL,Oct,2020,51.0,45.0,D,6.0
FL,Oct,2020,50.0,44.0,D,6.0
FL,Oct,2020,47.0,42.0,D,5.0
FL,Sep,2020,51.0,47.0,D,4.0
FL,Sep,2020,49.0,44.0,D,5.0
FL,Sep,2020,46.0,43.0,D,3.0
FL,Sep,2020,48.0,43.0,D,5.0
FL,Sep,2020,50.0,47.0,D,3.0
FL,Sep,2020,46.0,43.0,D,3.0
FL,Sep,2020,49.0,46.0,D,3.0
FL,Sep,2020,47.0,51.0,R,4.0
FL,Sep,2020,51.0,45.0,D,6.0
FL,Sep,2020,48.0,46.0,D,2.0
FL,Sep,2020,47.0,47.0,E,0.0
FL,Sep,2020,47.0,44.0,D,3.0
FL,Sep,2020,50.0,45.0,D,5.0
FL,Sep,2020,50.0,45.0,D,5.0
FL,Sep,2020,49.0,46.0,D,3.0
FL,Sep,2020,43.0,42.0,D,1.0
FL,Sep,2020,50.0,50.0,E,0.0
FL,Sep,2020,50.0,47.0,D,3.0
FL,Sep,2020,48.0,46.0,D,2.0
FL,Sep,2020,50.0,43.0,D,7.0
FL,Sep,2020,49.0,46.0,D,3.0
FL,Sep,2020,48.0,48.0,E,0.0
FL,Sep,2020,46.0,49.0,R,3.0
FL,Sep,2020,48.0,43.0,D,5.0
FL,Sep,2020,51.0,46.0,D,5.0
FL,Sep,2020,48.0,45.0,D,3.0
FL,Aug,2020,48.0,50.0,R,2.0
FL,Aug,2020,49.0,47.0,D,2.0
FL,Aug,2020,50.0,43.0,D,7.0
FL,Aug,2020,49.0,46.0,D,3.0
FL,Aug,2020,48.0,44.0,D,4.0
FL,Aug,2020,49.0,41.0,D,8.0
FL,Aug,2020,50.0,45.0,D,5.0
FL,Aug,2020,46.0,44.0,D,2.0
FL,Aug,2020,50.0,44.0,D,6.0
FL,Aug,2020,49.0,49.0,E,0.0
FL,Jul,2020,49.0,48.0,D,1.0
FL,Jul,2020,48.0,45.0,D,3.0
FL,Jul,2020,49.0,46.0,D,3.0
FL,Jul,2020,49.0,45.0,D,4.0
FL,Jul,2020,51.0,46.0,D,5.0
FL,Jul,2020,43.0,43.0,E,0.0
FL,Jul,2020,50.0,46.0,D,4.0
FL,Jul,2020,48.0,41.0,D,7.0
FL,Jul,2020,51.0,38.0,D,13.0
FL,Jul,2020,50.0,45.0,D,5.0
FL,Jul,2020,50.0,44.0,D,6.0
FL,Jul,2020,53.0,43.0,D,10.0
FL,Jul,2020,50.0,43.0,D,7.0
FL,Jul,2020,48.0,42.0,D,6.0
FL,Jul,2020,49.0,46.0,D,3.0
FL,Jul,2020,46.0,46.0,E,0.0
FL,Jun,2020,47.0,51.0,R,4.0
FL,Jun,2020,50.0,45.0,D,5.0
FL,Jun,2020,49.0,45.0,D,4.0
FL,Jun,2020,49.0,40.0,D,9.0
FL,Jun,2020,47.0,41.0,D,6.0
FL,Jun,2020,45.0,41.0,D,4.0
FL,Jun,2020,50.0,45.0,D,5.0
FL,Jun,2020,50.0,43.0,D,7.0
FL,Jun,2020,50.0,50.0,E,0.0
FL,Jun,2020,51.0,40.0,D,11.0
FL,Jun,2020,47.0,48.0,R,1.0
FL,May,2020,48.0,45.0,D,3.0
FL,May,2020,47.0,43.8,D,3.200000000000003
FL,May,2020,47.5,46.7,D,0.7999999999999972
FL,May,2020,47.0,48.0,R,1.0
FL,May,2020,47.0,48.0,R,1.0
FL,May,2020,45.0,44.0,D,1.0
FL,May,2020,52.0,48.0,D,4.0
FL,May,2020,45.0,50.0,R,5.0
FL,May,2020,45.0,43.0,D,2.0
FL,May,2020,53.0,47.0,D,6.0
FL,Apr,2020,46.0,43.0,D,3.0
FL,Apr,2020,46.0,42.0,D,4.0
FL,Apr,2020,48.0,48.0,E,0.0
FL,Apr,2020,46.0,40.0,D,6.0
FL,Mar,2020,45.0,45.0,E,0.0
FL,Mar,2020,45.0,48.0,R,3.0
FL,Mar,2020,49.0,51.0,R,2.0
FL,Feb,2020,45.0,45.0,E,0.0
FL,Feb,2020,51.0,40.0,D,11.0
FL,Feb,2020,49.0,48.0,D,1.0
FL,Jan,2020,51.0,49.0,D,2.0
FL,Jan,2020,45.0,49.0,R,4.0
FL,Dec,2019,47.0,45.0,D,2.0
FL,Oct,2019,46.0,44.0,D,2.0
FL,Oct,2019,48.0,43.0,D,5.0
FL,Sep,2019,49.5,50.5,R,1.0
FL,Jun,2019,50.0,41.0,D,9.0
FL,Jun,2019,47.0,47.0,E,0.0
FL,May,2019,50.0,50.0,E,0.0
FL,Apr,2019,44.0,48.0,R,4.0
GA,Nov,2020,45.0,50.0,R,5.0
GA,Nov,2020,50.0,48.0,D,2.0
GA,Nov,2020,46.0,50.0,R,4.0
GA,Nov,2020,46.0,48.0,R,2.0
GA,Nov,2020,52.0,48.0,D,4.0
GA,Nov,2020,54.0,44.0,D,10.0
GA,Nov,2020,50.0,48.0,D,2.0
GA,Oct,2020,46.0,48.0,R,2.0
GA,Oct,2020,48.0,49.0,R,1.0
GA,Oct,2020,49.0,46.0,D,3.0
GA,Oct,2020,47.0,48.0,R,1.0
GA,Oct,2020,48.0,46.0,D,2.0
GA,Oct,2020,50.0,48.0,D,2.0
GA,Oct,2020,50.0,45.0,D,5.0
GA,Oct,2020,50.0,46.0,D,4.0
GA,Oct,2020,50.0,48.0,D,2.0
GA,Oct,2020,51.0,48.0,D,3.0
GA,Oct,2020,51.0,46.0,D,5.0
GA,Oct,2020,47.0,49.0,R,2.0
GA,Oct,2020,49.0,49.0,E,0.0
GA,Oct,2020,47.0,46.0,D,1.0
GA,Oct,2020,45.0,49.0,R,4.0
GA,Oct,2020,48.0,44.0,D,4.0
GA,Oct,2020,48.0,48.0,E,0.0
GA,Oct,2020,47.0,48.0,R,1.0
GA,Oct,2020,45.0,45.0,E,0.0
GA,Oct,2020,49.0,46.0,D,3.0
GA,Oct,2020,51.0,44.0,D,7.0
GA,Oct,2020,51.0,44.0,D,7.0
GA,Oct,2020,48.0,46.0,D,2.0
GA,Oct,2020,46.0,46.0,E,0.0
GA,Oct,2020,47.0,49.0,R,2.0
GA,Oct,2020,47.0,46.0,D,1.0
GA,Oct,2020,46.8,48.6,R,1.8000000000000043
GA,Oct,2020,48.0,47.0,D,1.0
GA,Oct,2020,46.0,47.0,R,1.0
GA,Sep,2020,47.0,45.0,D,2.0
GA,Sep,2020,49.0,48.0,D,1.0
GA,Sep,2020,50.0,47.0,D,3.0
GA,Sep,2020,50.0,47.0,D,3.0
GA,Sep,2020,50.0,47.0,D,3.0
GA,Sep,2020,45.0,44.0,D,1.0
GA,Sep,2020,46.0,47.0,R,1.0
GA,Sep,2020,46.0,47.0,R,1.0
GA,Sep,2020,46.0,48.0,R,2.0
GA,Sep,2020,45.0,50.0,R,5.0
GA,Sep,2020,45.0,45.0,E,0.0
GA,Sep,2020,47.0,47.0,E,0.0
GA,Sep,2020,45.0,45.0,E,0.0
GA,Sep,2020,46.0,46.0,E,0.0
GA,Sep,2020,49.0,46.0,D,3.0
GA,Sep,2020,45.0,46.0,R,1.0
GA,Sep,2020,46.0,48.0,R,2.0
GA,Sep,2020,47.0,46.0,D,1.0
GA,Sep,2020,47.0,46.0,D,1.0
GA,Aug,2020,41.0,48.0,R,7.0
GA,Aug,2020,49.0,49.0,E,0.0
GA,Aug,2020,49.0,46.0,D,3.0
GA,Aug,2020,52.0,46.0,D,6.0
GA,Aug,2020,47.0,46.0,D,1.0
GA,Aug,2020,46.0,47.0,R,1.0
GA,Aug,2020,45.0,48.0,R,3.0
GA,Aug,2020,46.0,44.0,D,2.0
GA,Jul,2020,46.0,45.0,D,1.0
GA,Jul,2020,44.0,40.0,D,4.0
GA,Jul,2020,45.0,53.0,R,8.0
GA,Jul,2020,47.0,47.0,E,0.0
GA,Jul,2020,47.0,48.0,R,1.0
GA,Jul,2020,46.0,49.0,R,3.0
GA,Jul,2020,47.0,46.0,D,1.0
GA,Jul,2020,46.0,45.0,D,1.0
GA,Jul,2020,43.0,50.0,R,7.0
GA,Jul,2020,46.0,49.0,R,3.0
GA,Jul,2020,47.0,43.0,D,4.0
GA,Jul,2020,45.0,48.0,R,3.0
GA,Jun,2020,49.0,49.0,E,0.0
GA,Jun,2020,49.0,45.0,D,4.0
GA,Jun,2020,47.0,45.0,D,2.0
GA,Jun,2020,48.0,46.0,D,2.0
GA,May,2020,40.0,44.0,R,4.0
GA,May,2020,47.0,49.0,R,2.0
GA,May,2020,48.0,47.0,D,1.0
GA,May,2020,47.0,47.0,E,0.0
GA,May,2020,46.0,48.0,R,2.0
GA,May,2020,47.0,46.0,D,1.0
GA,Apr,2020,44.0,45.0,R,1.0
GA,Apr,2020,46.0,48.0,R,2.0
GA,Mar,2020,47.0,49.0,R,2.0
GA,Mar,2020,43.0,51.0,R,8.0
GA,Dec,2019,44.0,51.0,R,7.0
GA,Nov,2019,47.0,43.0,D,4.0
GA,Nov,2019,48.0,47.0,D,1.0
GA,Nov,2019,51.0,43.0,D,8.0
GA,Oct,2019,46.0,44.0,D,2.0
HI,Nov,2020,67.0,31.0,D,36.0
HI,Oct,2020,63.0,34.0,D,29.0
HI,Oct,2020,58.0,29.0,D,29.0
HI,Oct,2020,61.0,28.0,D,33.0
HI,Sep,2020,66.0,33.0,D,33.0
HI,Aug,2020,61.0,37.0,D,24.0
HI,Jul,2020,62.0,37.0,D,25.0
HI,Jul,2020,56.0,29.0,D,27.0
HI,Jun,2020,67.0,30.0,D,37.0
ID,Nov,2020,40.0,58.0,R,18.0
ID,Oct,2020,40.0,58.0,R,18.0
ID,Sep,2020,35.0,64.0,R,29.0
ID,Sep,2020,34.0,60.0,R,26.0
ID,Aug,2020,40.0,58.0,R,18.0
ID,Jul,2020,35.0,63.0,R,28.0
ID,Jun,2020,41.0,58.0,R,17.0
IL,Nov,2020,58.0,40.0,D,18.0
IL,Nov,2020,55.0,38.0,D,17.0
IL,Nov,2020,54.0,38.0,D,16.0
IL,Nov,2020,55.0,44.0,D,11.0
IL,Oct,2020,57.0,41.0,D,16.0
IL,Oct,2020,54.0,43.0,D,11.0
IL,Sep,2020,61.0,36.0,D,25.0
IL,Sep,2020,53.0,40.0,D,13.0
IL,Aug,2020,60.0,38.0,D,22.0
IL,Jul,2020,59.0,38.0,D,21.0
IL,Jun,2020,59.0,39.0,D,20.0
IN,Nov,2020,44.0,54.0,R,10.0
IN,Nov,2020,43.0,55.0,R,12.0
IN,Oct,2020,42.0,53.0,R,11.0
IN,Oct,2020,43.0,55.0,R,12.0
IN,Oct,2020,42.0,53.0,R,11.0
IN,Oct,2020,40.0,48.0,R,8.0
IN,Oct,2020,42.0,49.0,R,7.0
IN,Sep,2020,45.0,53.0,R,8.0
IN,Sep,2020,39.0,53.0,R,14.0
IN,Aug,2020,43.0,55.0,R,12.0
IN,Aug,2020,38.0,55.0,R,17.0
IN,Jul,2020,43.0,56.0,R,13.0
IN,Jun,2020,40.0,57.0,R,17.0
IN,May,2020,39.0,49.0,R,10.0
IN,Apr,2020,39.0,52.0,R,13.0
IA,Nov,2020,49.0,48.0,D,1.0
IA,Nov,2020,48.0,51.0,R,3.0
IA,Nov,2020,47.0,47.0,E,0.0
IA,Nov,2020,49.0,48.0,D,1.0
IA,Nov,2020,47.0,49.0,R,2.0
IA,Oct,2020,47.0,49.0,R,2.0
IA,Oct,2020,46.0,48.0,R,2.0
IA,Oct,2020,41.0,48.0,R,7.0
IA,Oct,2020,49.0,50.0,R,1.0
IA,Oct,2020,46.0,47.0,R,1.0
IA,Oct,2020,50.0,46.0,D,4.0
IA,Oct,2020,48.0,48.0,E,0.0
IA,Oct,2020,47.0,47.0,E,0.0
IA,Oct,2020,49.0,45.0,D,4.0
IA,Oct,2020,48.0,49.0,R,1.0
IA,Oct,2020,46.0,43.0,D,3.0
IA,Oct,2020,45.0,45.0,E,0.0
IA,Oct,2020,47.0,48.0,R,1.0
IA,Oct,2020,50.0,47.0,D,3.0
IA,Oct,2020,51.0,46.0,D,5.0
IA,Oct,2020,44.0,50.0,R,6.0
IA,Oct,2020,47.0,48.0,R,1.0
IA,Oct,2020,49.0,49.0,E,0.0
IA,Oct,2020,47.0,46.0,D,1.0
IA,Oct,2020,48.0,47.0,D,1.0
IA,Oct,2020,50.0,45.0,D,5.0
IA,Sep,2020,46.0,52.0,R,6.0
IA,Sep,2020,44.0,47.0,R,3.0
IA,Sep,2020,45.0,50.0,R,5.0
IA,Sep,2020,47.0,49.0,R,2.0
IA,Sep,2020,48.0,46.0,D,2.0
IA,Sep,2020,44.0,50.0,R,6.0
IA,Sep,2020,46.0,49.0,R,3.0
IA,Sep,2020,46.0,49.0,R,3.0
IA,Sep,2020,45.0,42.0,D,3.0
IA,Sep,2020,47.0,47.0,E,0.0
IA,Sep,2020,45.0,47.0,R,2.0
IA,Sep,2020,43.0,51.0,R,8.0
IA,Aug,2020,46.0,53.0,R,7.0
IA,Aug,2020,45.0,48.0,R,3.0
IA,Aug,2020,46.0,48.0,R,2.0
IA,Aug,2020,47.0,47.0,E,0.0
IA,Aug,2020,42.0,44.0,R,2.0
IA,Aug,2020,45.0,46.0,R,1.0
IA,Jul,2020,49.0,43.0,D,6.0
IA,Jul,2020,45.0,54.0,R,9.0
IA,Jul,2020,40.0,41.0,R,1.0
IA,Jul,2020,47.0,48.0,R,1.0
IA,Jul,2020,48.0,46.0,D,2.0
IA,Jun,2020,48.0,50.0,R,2.0
IA,Jun,2020,43.0,44.0,R,1.0
IA,Jun,2020,46.0,46.0,E,0.0
IA,Jun,2020,47.0,48.0,R,1.0
IA,May,2020,46.0,48.0,R,2.0
IA,Apr,2020,45.0,48.0,R,3.0
IA,Mar,2020,41.0,51.0,R,10.0
IA,Jan,2020,44.0,46.0,R,2.0
IA,Dec,2019,46.0,49.0,R,3.0
IA,Dec,2019,45.0,49.0,R,4.0
IA,Oct,2019,44.0,45.0,R,1.0
IA,Oct,2019,49.0,51.0,R,2.0
IA,Apr,2019,44.0,49.0,R,5.0
IA,Mar,2019,53.0,47.0,D,6.0
IA,Feb,2019,51.0,49.0,D,2.0
KS,Nov,2020,44.0,55.0,R,11.0
KS,Nov,2020,41.0,55.0,R,14.0
KS,Oct,2020,47.0,51.0,R,4.0
KS,Oct,2020,42.0,54.0,R,12.0
KS,Oct,2020,41.0,48.0,R,7.0
KS,Oct,2020,39.0,56.0,R,17.0
KS,Oct,2020,38.0,52.0,R,14.0
KS,Sep,2020,47.0,52.0,R,5.0
KS,Sep,2020,42.0,52.0,R,10.0
KS,Sep,2020,42.0,48.0,R,6.0
KS,Sep,2020,45.0,49.0,R,4.0
KS,Sep,2020,41.0,53.0,R,12.0
KS,Aug,2020,45.0,54.0,R,9.0
KS,Aug,2020,41.0,48.0,R,7.0
KS,Aug,2020,43.0,50.0,R,7.0
KS,Jul,2020,47.0,51.0,R,4.0
KS,Jun,2020,45.0,53.0,R,8.0
KS,Jun,2020,40.0,52.0,R,12.0
KS,Apr,2020,41.0,51.0,R,10.0
KS,Mar,2020,40.0,52.0,R,12.0
KS,Feb,2020,43.0,51.0,R,8.0
KY,Nov,2020,40.0,59.0,R,19.0
KY,Nov,2020,42.0,55.0,R,13.0
KY,Oct,2020,39.0,52.0,R,13.0
KY,Oct,2020,42.0,56.0,R,14.0
KY,Oct,2020,39.0,56.0,R,17.0
KY,Sep,2020,39.0,59.0,R,20.0
KY,Sep,2020,35.0,55.0,R,20.0
KY,Sep,2020,38.0,56.0,R,18.0
KY,Sep,2020,38.0,58.0,R,20.0
KY,Aug,2020,38.0,60.0,R,22.0
KY,Aug,2020,41.0,50.0,R,9.0
KY,Aug,2020,35.0,59.0,R,24.0
KY,Jul,2020,37.0,62.0,R,25.0
KY,Jul,2020,45.0,52.0,R,7.0
KY,Jul,2020,34.0,60.0,R,26.0
KY,Jul,2020,41.0,53.0,R,12.0
KY,Jun,2020,38.0,60.0,R,22.0
KY,Jun,2020,39.0,54.0,R,15.0
KY,Jun,2020,37.0,57.0,R,20.0
KY,May,2020,36.0,57.0,R,21.0
KY,May,2020,36.0,53.0,R,17.0
KY,May,2020,39.0,55.0,R,16.0
KY,Apr,2020,34.0,55.0,R,21.0
KY,Jul,2019,41.0,53.0,R,12.0
KY,Jun,2019,37.0,57.0,R,20.0
LA,Nov,2020,36.0,62.0,R,26.0
LA,Nov,2020,39.0,57.0,R,18.0
LA,Oct,2020,38.0,60.0,R,22.0
LA,Oct,2020,36.0,59.0,R,23.0
LA,Oct,2020,36.0,54.0,R,18.0
LA,Sep,2020,38.0,60.0,R,22.0
LA,Sep,2020,42.0,48.0,R,6.0
LA,Aug,2020,38.0,59.0,R,21.0
LA,Aug,2020,38.0,54.0,R,16.0
LA,Aug,2020,43.0,50.0,R,7.0
LA,Jul,2020,39.0,60.0,R,21.0
LA,Jun,2020,37.0,60.0,R,23.0
ME,Nov,2020,52.0,40.0,D,12.0
ME,Nov,2020,56.0,42.0,D,14.0
ME,Oct,2020,54.0,43.0,D,11.0
ME,Oct,2020,56.0,43.0,D,13.0
ME,Oct,2020,53.0,40.0,D,13.0
ME,Oct,2020,55.0,42.0,D,13.0
ME,Oct,2020,51.0,38.0,D,13.0
ME,Oct,2020,50.0,40.0,D,10.0
ME,Oct,2020,51.0,40.0,D,11.0
ME,Oct,2020,52.0,40.0,D,12.0
ME,Sep,2020,60.0,38.0,D,22.0
ME,Sep,2020,53.0,39.0,D,14.0
ME,Sep,2020,55.0,41.0,D,14.0
ME,Sep,2020,50.0,39.0,D,11.0
ME,Sep,2020,51.0,39.0,D,12.0
ME,Sep,2020,51.0,39.0,D,12.0
ME,Sep,2020,55.0,38.0,D,17.0
ME,Sep,2020,59.0,38.0,D,21.0
ME,Sep,2020,54.0,40.0,D,14.0
ME,Aug,2020,61.0,37.0,D,24.0
ME,Aug,2020,45.0,38.0,D,7.0
ME,Aug,2020,52.0,37.0,D,15.0
ME,Aug,2020,50.0,39.0,D,11.0
ME,Aug,2020,49.0,42.0,D,7.0
ME,Aug,2020,53.0,43.0,D,10.0
ME,Jul,2020,57.0,41.0,D,16.0
ME,Jul,2020,53.0,42.0,D,11.0
ME,Jul,2020,50.0,38.0,D,12.0
ME,Jul,2020,53.0,42.0,D,11.0
ME,Jun,2020,51.0,46.0,D,5.0
ME,Mar,2020,52.0,42.0,D,10.0
ME,Oct,2019,54.0,42.0,D,12.0
ME,Jul,2019,50.0,44.0,D,6.0
ME,Jun,2019,54.0,46.0,D,8.0
MD,Nov,2020,66.0,31.0,D,35.0
MD,Nov,2020,67.0,31.0,D,36.0
MD,Oct,2020,66.0,32.0,D,34.0
MD,Oct,2020,58.0,33.0,D,25.0
MD,Oct,2020,61.0,30.0,D,31.0
MD,Oct,2020,61.0,32.0,D,29.0
MD,Sep,2020,67.0,31.0,D,36.0
MD,Sep,2020,62.0,30.0,D,32.0
MD,Aug,2020,66.0,31.0,D,35.0
MD,Jul,2020,66.0,32.0,D,34.0
MD,Jun,2020,64.0,34.0,D,30.0
MD,May,2020,59.0,31.0,D,28.0
MD,Feb,2020,60.0,35.0,D,25.0
MA,Oct,2020,62.0,28.0,D,34.0
MA,Oct,2020,70.0,28.0,D,42.0
MA,Oct,2020,64.0,29.0,D,35.0
MA,Sep,2020,66.0,32.0,D,34.0
MA,Aug,2020,69.0,29.0,D,40.0
MA,Aug,2020,69.0,31.0,D,38.0
MA,Aug,2020,63.0,27.0,D,36.0
MA,Aug,2020,61.0,28.0,D,33.0
MA,Jul,2020,72.0,26.0,D,46.0
MA,Jul,2020,55.0,23.0,D,32.0
MA,Jun,2020,71.0,27.0,D,44.0
MA,May,2020,67.0,33.0,D,34.0
MA,May,2020,58.0,30.0,D,28.0
MA,Apr,2019,69.0,31.0,D,38.0
MI,Nov,2020,52.0,46.0,D,6.0
MI,Nov,2020,50.0,43.0,D,7.0
MI,Nov,2020,51.0,44.0,D,7.0
MI,Nov,2020,54.0,45.0,D,9.0
MI,Nov,2020,53.0,43.0,D,10.0
MI,Nov,2020,52.0,42.0,D,10.0
MI,Nov,2020,53.0,45.0,D,8.0
MI,Oct,2020,46.0,48.0,R,2.0
MI,Oct,2020,48.0,46.0,D,2.0
MI,Oct,2020,49.0,47.0,D,2.0
MI,Oct,2020,52.0,44.5,D,7.5
MI,Oct,2020,52.0,45.0,D,7.0
MI,Oct,2020,54.0,44.0,D,10.0
MI,Oct,2020,53.0,39.0,D,14.0
MI,Oct,2020,53.0,41.0,D,12.0
MI,Oct,2020,52.0,45.0,D,7.0
MI,Oct,2020,51.0,44.0,D,7.0
MI,Oct,2020,53.0,42.0,D,11.0
MI,Oct,2020,50.0,45.0,D,5.0
MI,Oct,2020,54.0,41.0,D,13.0
MI,Oct,2020,48.0,41.0,D,7.0
MI,Oct,2020,47.0,49.0,R,2.0
MI,Oct,2020,54.0,41.0,D,13.0
MI,Oct,2020,53.0,45.0,D,8.0
MI,Oct,2020,52.0,42.0,D,10.0
MI,Oct,2020,59.0,40.0,D,19.0
MI,Oct,2020,49.0,41.0,D,8.0
MI,Oct,2020,53.0,43.0,D,10.0
MI,Oct,2020,52.0,43.0,D,9.0
MI,Oct,2020,48.0,48.0,E,0.0
MI,Oct,2020,49.0,42.0,D,7.0
MI,Oct,2020,51.0,44.0,D,7.0
MI,Oct,2020,55.0,42.0,D,13.0
MI,Oct,2020,50.0,43.0,D,7.0
MI,Oct,2020,52.0,42.0,D,10.0
MI,Oct,2020,50.0,41.0,D,9.0
MI,Oct,2020,52.0,40.0,D,12.0
MI,Oct,2020,52.0,44.0,D,8.0
MI,Oct,2020,51.0,44.0,D,7.0
MI,Oct,2020,52.0,44.0,D,8.0
MI,Oct,2020,51.0,44.0,D,7.0
MI,Oct,2020,48.0,39.0,D,9.0
MI,Oct,2020,51.0,41.0,D,10.0
MI,Oct,2020,45.0,47.0,R,2.0
MI,Oct,2020,50.0,45.0,D,5.0
MI,Oct,2020,45.0,49.0,R,4.0
MI,Oct,2020,54.0,43.0,D,11.0
MI,Oct,2020,46.0,47.0,R,1.0
MI,Oct,2020,51.0,42.0,D,9.0
MI,Oct,2020,48.0,42.0,D,6.0
MI,Oct,2020,51.0,39.0,D,12.0
MI,Oct,2020,46.0,44.0,D,2.0
MI,Oct,2020,51.0,44.0,D,7.0
MI,Oct,2020,51.0,43.0,D,8.0
MI,Oct,2020,48.0,39.0,D,9.0
MI,Oct,2020,52.0,43.0,D,9.0
MI,Oct,2020,48.0,40.0,D,8.0
MI,Oct,2020,51.0,44.0,D,7.0
MI,Oct,2020,51.0,41.0,D,10.0
MI,Oct,2020,52.0,46.0,D,6.0
MI,Oct,2020,50.0,43.0,D,7.0
MI,Oct,2020,54.0,43.0,D,11.0
MI,Oct,2020,50.0,42.0,D,8.0
MI,Oct,2020,52.0,44.0,D,8.0
MI,Oct,2020,51.0,43.0,D,8.0
MI,Oct,2020,51.0,43.0,D,8.0
MI,Oct,2020,48.0,39.0,D,9.0
MI,Oct,2020,50.0,44.0,D,6.0
MI,Sep,2020,53.0,44.0,D,9.0
MI,Sep,2020,49.0,47.0,D,2.0
MI,Sep,2020,51.0,42.0,D,9.0
MI,Sep,2020,52.0,44.0,D,8.0
MI,Sep,2020,52.0,44.0,D,8.0
MI,Sep,2020,46.0,46.7,R,0.7000000000000028
MI,Sep,2020,50.0,42.0,D,8.0
MI,Sep,2020,51.0,45.0,D,6.0
MI,Sep,2020,51.0,43.0,D,8.0
MI,Sep,2020,50.0,45.0,D,5.0
MI,Sep,2020,48.0,42.0,D,6.0
MI,Sep,2020,50.0,44.0,D,6.0
MI,Sep,2020,46.0,41.0,D,5.0
MI,Sep,2020,49.0,44.0,D,5.0
MI,Sep,2020,53.0,42.0,D,11.0
MI,Sep,2020,49.0,39.0,D,10.0
MI,Sep,2020,48.0,40.0,D,8.0
MI,Sep,2020,50.0,43.0,D,7.0
MI,Sep,2020,52.0,42.0,D,10.0
MI,Sep,2020,49.0,43.0,D,6.0
MI,Sep,2020,53.0,44.0,D,9.0
MI,Sep,2020,47.0,42.0,D,5.0
MI,Sep,2020,51.0,40.0,D,11.0
MI,Sep,2020,51.0,44.0,D,7.0
MI,Aug,2020,49.0,48.0,D,1.0
MI,Aug,2020,52.0,42.0,D,10.0
MI,Aug,2020,48.0,44.0,D,4.0
MI,Aug,2020,50.0,44.0,D,6.0
MI,Aug,2020,45.0,47.0,R,2.0
MI,Aug,2020,50.0,38.0,D,12.0
MI,Aug,2020,49.0,46.0,D,3.0
MI,Aug,2020,50.0,44.0,D,6.0
MI,Aug,2020,52.0,41.0,D,11.0
MI,Aug,2020,48.0,43.0,D,5.0
MI,Aug,2020,47.0,43.0,D,4.0
MI,Aug,2020,52.0,43.0,D,9.0
MI,Jul,2020,51.0,41.0,D,10.0
MI,Jul,2020,49.0,48.0,D,1.0
MI,Jul,2020,51.0,40.0,D,11.0
MI,Jul,2020,49.0,43.0,D,6.0
MI,Jul,2020,46.0,42.0,D,4.0
MI,Jul,2020,52.0,42.0,D,10.0
MI,Jul,2020,48.0,42.0,D,6.0
MI,Jul,2020,49.0,37.0,D,12.0
MI,Jul,2020,52.0,40.0,D,12.0
MI,Jul,2020,51.0,42.0,D,9.0
MI,Jul,2020,49.0,40.0,D,9.0
MI,Jul,2020,53.0,41.0,D,12.0
MI,Jul,2020,45.0,50.0,R,5.0
MI,Jul,2020,48.0,42.0,D,6.0
MI,Jul,2020,51.0,44.0,D,7.0
MI,Jun,2020,51.0,46.0,D,5.0
MI,Jun,2020,48.0,43.0,D,5.0
MI,Jun,2020,50.0,44.0,D,6.0
MI,Jun,2020,56.0,38.0,D,18.0
MI,Jun,2020,46.0,45.0,D,1.0
MI,Jun,2020,47.0,36.0,D,11.0
MI,Jun,2020,47.0,36.0,D,11.0
MI,Jun,2020,49.0,33.0,D,16.0
MI,Jun,2020,47.0,45.0,D,2.0
MI,Jun,2020,51.0,38.0,D,13.0
MI,Jun,2020,50.0,35.0,D,15.0
MI,Jun,2020,55.0,39.0,D,16.0
MI,Jun,2020,53.0,41.0,D,12.0
MI,May,2020,48.0,46.0,D,2.0
MI,May,2020,50.0,44.0,D,6.0
MI,May,2020,50.0,42.0,D,8.0
MI,May,2020,51.0,45.0,D,6.0
MI,May,2020,49.0,46.0,D,3.0
MI,May,2020,47.0,39.0,D,8.0
MI,May,2020,50.0,42.0,D,8.0
MI,Apr,2020,50.0,42.0,D,8.0
MI,Apr,2020,51.0,44.0,D,7.0
MI,Apr,2020,49.0,41.0,D,8.0
MI,Apr,2020,46.0,38.0,D,8.0
MI,Apr,2020,49.0,43.0,D,6.0
MI,Apr,2020,50.0,41.0,D,9.0
MI,Apr,2020,48.0,45.0,D,3.0
MI,Apr,2020,46.0,46.0,E,0.0
MI,Mar,2020,47.0,42.0,D,5.0
MI,Mar,2020,48.0,47.0,D,1.0
MI,Mar,2020,44.0,41.0,D,3.0
MI,Mar,2020,50.0,44.0,D,6.0
MI,Mar,2020,44.0,46.0,R,2.0
MI,Mar,2020,45.0,41.0,D,4.0
MI,Mar,2020,48.0,41.0,D,7.0
MI,Mar,2020,44.0,46.0,R,2.0
MI,Feb,2020,47.0,43.0,D,4.0
MI,Feb,2020,47.0,43.0,D,4.0
MI,Feb,2020,43.0,43.0,E,0.0
MI,Jan,2020,50.0,44.0,D,6.0
MI,Jan,2020,50.0,43.0,D,7.0
MI,Dec,2019,41.0,46.0,R,5.0
MI,Nov,2019,56.0,44.0,D,12.0
MI,Oct,2019,45.0,44.0,D,1.0
MI,Sep,2019,54.0,35.0,D,19.0
MI,Sep,2019,42.0,41.0,D,1.0
MI,Aug,2019,51.0,41.0,D,10.0
MI,Jul,2019,49.0,36.0,D,13.0
MI,Jun,2019,46.0,43.0,D,3.0
MI,Jun,2019,52.0,41.0,D,11.0
MI,May,2019,53.0,41.0,D,12.0
MI,Apr,2019,45.0,42.0,D,3.0
MI,Mar,2019,45.0,46.0,R,1.0
MI,Mar,2019,54.0,46.0,D,8.0
MI,Jan,2019,53.0,40.0,D,13.0
MI,Apr,2018,52.0,39.0,D,13.0
MI,Sep,2017,52.0,35.0,D,17.0
MN,Nov,2020,56.0,41.0,D,15.0
MN,Nov,2020,54.0,45.0,D,9.0
MN,Nov,2020,51.0,43.0,D,8.0
MN,Nov,2020,53.0,43.0,D,10.0
MN,Oct,2020,52.0,42.0,D,10.0
MN,Oct,2020,54.0,43.0,D,11.0
MN,Oct,2020,53.0,44.0,D,9.0
MN,Oct,2020,54.0,39.0,D,15.0
MN,Oct,2020,55.0,42.0,D,13.0
MN,Oct,2020,47.0,42.0,D,5.0
MN,Oct,2020,53.0,39.0,D,14.0
MN,Oct,2020,48.0,45.0,D,3.0
MN,Oct,2020,53.0,43.0,D,10.0
MN,Oct,2020,48.0,42.0,D,6.0
MN,Oct,2020,51.0,42.0,D,9.0
MN,Oct,2020,49.0,44.0,D,5.0
MN,Oct,2020,52.0,41.0,D,11.0
MN,Oct,2020,50.0,44.0,D,6.0
MN,Oct,2020,47.0,40.0,D,7.0
MN,Sep,2020,55.0,43.0,D,12.0
MN,Sep,2020,47.0,40.0,D,7.0
MN,Sep,2020,48.0,42.0,D,6.0
MN,Sep,2020,51.0,42.0,D,9.0
MN,Sep,2020,57.0,41.0,D,16.0
MN,Sep,2020,48.0,44.0,D,4.0
MN,Sep,2020,50.0,41.0,D,9.0
MN,Sep,2020,50.0,41.0,D,9.0
MN,Sep,2020,49.0,40.0,D,9.0
MN,Sep,2020,49.0,44.0,D,5.0
MN,Sep,2020,52.0,44.0,D,8.0
MN,Sep,2020,48.0,45.0,D,3.0
MN,Aug,2020,56.0,43.0,D,13.0
MN,Aug,2020,50.0,43.0,D,7.0
MN,Aug,2020,47.0,47.0,E,0.0
MN,Aug,2020,50.0,42.0,D,8.0
MN,Aug,2020,51.0,49.0,D,2.0
MN,Jul,2020,54.0,36.0,D,18.0
MN,Jul,2020,51.0,47.0,D,4.0
MN,Jul,2020,47.0,44.0,D,3.0
MN,Jul,2020,49.0,44.0,D,5.0
MN,Jul,2020,52.0,42.0,D,10.0
MN,Jul,2020,51.0,38.0,D,13.0
MN,Jun,2020,57.0,42.0,D,15.0
MN,Jun,2020,58.0,42.0,D,16.0
MN,Jun,2020,48.0,45.0,D,3.0
MN,May,2020,50.0,42.0,D,8.0
MN,May,2020,49.0,42.0,D,7.0
MN,May,2020,49.0,44.0,D,5.0
MN,May,2020,55.0,38.0,D,17.0
MN,Oct,2019,50.0,38.0,D,12.0
MS,Nov,2020,37.0,61.0,R,24.0
MS,Nov,2020,41.0,55.0,R,14.0
MS,Oct,2020,41.0,55.0,R,14.0
MS,Oct,2020,37.0,62.0,R,25.0
MS,Sep,2020,44.0,55.0,R,11.0
MS,Aug,2020,36.0,61.0,R,25.0
MS,Aug,2020,40.0,50.0,R,10.0
MS,Aug,2020,43.0,53.0,R,10.0
MS,Jul,2020,39.0,59.0,R,20.0
MS,Jun,2020,35.0,63.0,R,28.0
MS,Jun,2020,41.0,50.0,R,9.0
MS,Apr,2020,38.0,49.0,R,11.0
MS,Feb,2020,41.0,56.0,R,15.0
MO,Nov,2020,44.0,54.0,R,10.0
MO,Nov,2020,43.0,55.0,R,12.0
MO,Oct,2020,43.0,52.0,R,9.0
MO,Oct,2020,45.0,50.0,R,5.0
MO,Oct,2020,45.0,53.0,R,8.0
MO,Oct,2020,45.0,51.0,R,6.0
MO,Oct,2020,43.0,52.0,R,9.0
MO,Oct,2020,48.0,50.0,R,2.0
MO,Oct,2020,46.0,51.0,R,5.0
MO,Sep,2020,45.0,53.0,R,8.0
MO,Sep,2020,45.0,53.0,R,8.0
MO,Sep,2020,44.0,49.0,R,5.0
MO,Aug,2020,44.0,54.0,R,10.0
MO,Aug,2020,41.0,52.0,R,11.0
MO,Jul,2020,44.0,54.0,R,10.0
MO,Jul,2020,43.0,50.0,R,7.0
MO,Jun,2020,47.0,51.0,R,4.0
MO,Jun,2020,48.0,46.0,D,2.0
MO,Jun,2020,43.0,51.0,R,8.0
MO,May,2020,44.0,48.0,R,4.0
MO,Feb,2020,42.0,53.0,R,11.0
MO,Jan,2020,43.0,50.0,R,7.0
MO,Sep,2019,42.0,53.0,R,11.0
MO,Apr,2019,43.0,51.0,R,8.0
MT,Nov,2020,45.0,50.0,R,5.0
MT,Nov,2020,46.0,52.0,R,6.0
MT,Oct,2020,48.0,50.0,R,2.0
MT,Oct,2020,47.0,49.0,R,2.0
MT,Oct,2020,45.0,52.0,R,7.0
MT,Oct,2020,43.0,49.0,R,6.0
MT,Oct,2020,43.0,51.0,R,8.0
MT,Oct,2020,46.0,50.0,R,4.0
MT,Oct,2020,48.0,48.0,E,0.0
MT,Oct,2020,44.0,52.0,R,8.0
MT,Oct,2020,46.0,52.0,R,6.0
MT,Oct,2020,44.0,56.0,R,12.0
MT,Oct,2020,43.0,49.0,R,6.0
MT,Oct,2020,44.0,51.0,R,7.0
MT,Sep,2020,41.0,57.0,R,16.0
MT,Sep,2020,42.0,49.0,R,7.0
MT,Sep,2020,43.0,50.0,R,7.0
MT,Aug,2020,46.0,52.0,R,6.0
MT,Aug,2020,44.0,48.0,R,4.0
MT,Aug,2020,46.0,54.0,R,8.0
MT,Jul,2020,44.0,53.0,R,9.0
MT,Jul,2020,45.0,50.0,R,5.0
MT,Jul,2020,42.0,52.0,R,10.0
MT,Jul,2020,45.0,49.0,R,4.0
MT,Jul,2020,42.0,51.0,R,9.0
MT,Jun,2020,41.0,57.0,R,16.0
MT,Jun,2020,38.0,52.0,R,14.0
MT,Apr,2020,40.0,45.0,R,5.0
MT,Apr,2020,42.0,51.0,R,9.0
MT,Feb,2020,34.0,56.0,R,22.0
MT,Oct,2019,47.0,54.0,R,7.0
NE,Nov,2020,43.0,56.0,R,13.0
NE,Oct,2020,46.0,53.0,R,7.0
NE,Sep,2020,41.0,57.0,R,16.0
NE,Aug,2020,47.0,53.0,R,6.0
NE,Jul,2020,44.0,54.0,R,10.0
NE,Jun,2020,42.0,56.0,R,14.0
NV,Nov,2020,48.0,49.0,R,1.0
NV,Nov,2020,49.0,49.0,E,0.0
NV,Nov,2020,51.0,44.0,D,7.0
NV,Oct,2020,49.0,47.0,D,2.0
NV,Oct,2020,49.0,47.0,D,2.0
NV,Oct,2020,50.0,44.0,D,6.0
NV,Oct,2020,50.0,49.0,D,1.0
NV,Oct,2020,49.0,43.0,D,6.0
NV,Oct,2020,50.0,41.0,D,9.0
NV,Oct,2020,52.0,43.0,D,9.0
NV,Oct,2020,44.0,42.0,D,2.0
NV,Oct,2020,52.0,46.0,D,6.0
NV,Oct,2020,48.0,42.0,D,6.0
NV,Sep,2020,51.0,47.0,D,4.0
NV,Sep,2020,49.0,48.0,D,1.0
NV,Sep,2020,46.0,41.0,D,5.0
NV,Sep,2020,52.0,41.0,D,11.0
NV,Sep,2020,50.0,40.0,D,10.0
NV,Sep,2020,47.0,43.0,D,4.0
NV,Sep,2020,46.0,42.0,D,4.0
NV,Aug,2020,50.0,49.0,D,1.0
NV,Aug,2020,44.0,39.0,D,5.0
NV,Jul,2020,47.0,52.0,R,5.0
NV,Jun,2020,50.0,49.0,D,1.0
NV,Apr,2020,49.0,45.0,D,4.0
NV,Feb,2020,44.0,41.0,D,3.0
NV,Jan,2020,47.0,39.0,D,8.0
NV,Nov,2019,47.0,40.0,D,7.0
NV,Nov,2019,49.0,51.0,R,2.0
NV,Aug,2019,49.0,43.0,D,6.0
NV,Mar,2019,52.0,48.0,D,4.0
NH,Nov,2020,54.0,45.0,D,9.0
NH,Oct,2020,58.0,39.0,D,19.0
NH,Oct,2020,53.0,45.0,D,8.0
NH,Oct,2020,55.0,44.0,D,11.0
NH,Oct,2020,52.0,44.0,D,8.0
NH,Oct,2020,53.0,43.0,D,10.0
NH,Oct,2020,55.0,43.0,D,12.0
NH,Oct,2020,51.0,41.0,D,10.0
NH,Oct,2020,53.0,41.0,D,12.0
NH,Oct,2020,53.0,45.0,D,8.0
NH,Sep,2020,55.0,43.0,D,12.0
NH,Sep,2020,53.0,44.0,D,9.0
NH,Sep,2020,53.0,44.0,D,9.0
NH,Sep,2020,56.0,42.0,D,14.0
NH,Sep,2020,52.0,44.0,D,8.0
NH,Sep,2020,53.0,44.0,D,9.0
NH,Sep,2020,45.0,42.0,D,3.0
NH,Aug,2020,60.0,39.0,D,21.0
NH,Aug,2020,51.0,43.0,D,8.0
NH,Jul,2020,60.0,39.0,D,21.0
NH,Jul,2020,53.0,40.0,D,13.0
NH,Jun,2020,61.0,39.0,D,22.0
NH,Jun,2020,52.0,39.0,D,13.0
NH,Jun,2020,49.0,42.0,D,7.0
NH,May,2020,44.0,46.0,R,2.0
NH,Apr,2020,50.0,42.0,D,8.0
NH,Feb,2020,44.0,46.0,R,2.0
NH,Feb,2020,44.0,46.0,R,2.0
NH,Feb,2020,45.0,49.0,R,4.0
NH,Jan,2020,51.0,43.0,D,8.0
NH,Nov,2019,52.0,48.0,D,4.0
NH,Nov,2019,46.0,42.0,D,4.0
NH,Nov,2019,51.0,43.0,D,8.0
NH,Sep,2019,55.0,45.0,D,10.0
NH,Aug,2019,53.0,40.0,D,13.0
NH,Feb,2019,55.0,45.0,D,10.0
NH,Mar,2018,53.0,39.0,D,14.0
NJ,Nov,2020,59.0,38.0,D,21.0
NJ,Nov,2020,59.0,40.0,D,19.0
NJ,Nov,2020,59.0,40.0,D,19.0
NJ,Oct,2020,60.0,37.0,D,23.0
NJ,Oct,2020,62.0,38.0,D,24.0
NJ,Oct,2020,59.0,37.0,D,22.0
NJ,Oct,2020,56.0,36.0,D,20.0
NJ,Oct,2020,56.0,34.0,D,22.0
NJ,Oct,2020,53.0,38.0,D,15.0
NJ,Sep,2020,60.0,37.0,D,23.0
NJ,Sep,2020,52.0,38.0,D,14.0
NJ,Sep,2020,58.0,40.0,D,18.0
NJ,Aug,2020,57.0,40.0,D,17.0
NJ,Aug,2020,52.0,33.0,D,19.0
NJ,Jul,2020,61.0,37.0,D,24.0
NJ,Jul,2020,51.0,33.0,D,18.0
NJ,Jun,2020,61.0,37.0,D,24.0
NJ,May,2020,54.0,35.0,D,19.0
NJ,May,2020,56.0,33.0,D,23.0
NJ,Apr,2020,54.0,38.0,D,16.0
NJ,Feb,2020,53.0,35.0,D,18.0
NM,Nov,2020,56.0,42.0,D,14.0
NM,Oct,2020,54.0,42.0,D,12.0
NM,Oct,2020,52.0,46.0,D,6.0
NM,Oct,2020,54.0,41.0,D,13.0
NM,Oct,2020,53.0,39.0,D,14.0
NM,Sep,2020,54.0,44.0,D,10.0
NM,Sep,2020,54.0,39.0,D,15.0
NM,Aug,2020,56.0,43.0,D,13.0
NM,Jul,2020,49.0,48.0,D,1.0
NM,Jun,2020,49.0,50.0,R,1.0
NM,Jun,2020,53.0,39.0,D,14.0
NM,Apr,2020,52.0,40.0,D,12.0
NM,Jan,2020,54.0,46.0,D,8.0
NY,Nov,2020,63.0,35.0,D,28.0
NY,Nov,2020,64.0,34.0,D,30.0
NY,Oct,2020,63.0,34.0,D,29.0
NY,Oct,2020,65.0,33.0,D,32.0
NY,Sep,2020,64.0,34.0,D,30.0
NY,Sep,2020,61.0,29.0,D,32.0
NY,Aug,2020,64.0,34.0,D,30.0
NY,Aug,2020,63.0,32.0,D,31.0
NY,Jul,2020,63.0,34.0,D,29.0
NY,Jun,2020,65.0,33.0,D,32.0
NY,Jun,2020,57.0,32.0,D,25.0
NY,May,2020,57.0,32.0,D,25.0
NY,May,2020,55.0,32.0,D,23.0
NY,Apr,2020,65.0,29.0,D,36.0
NY,Mar,2020,58.0,33.0,D,25.0
NY,Feb,2020,55.0,36.0,D,19.0
NC,Nov,2020,50.0,48.0,D,2.0
NC,Nov,2020,49.0,47.0,D,2.0
NC,Nov,2020,52.0,46.0,D,6.0
NC,Nov,2020,49.0,48.0,D,1.0
NC,Nov,2020,49.0,48.0,D,1.0
NC,Nov,2020,50.0,48.0,D,2.0
NC,Nov,2020,50.0,48.0,D,2.0
NC,Oct,2020,51.0,49.0,D,2.0
NC,Oct,2020,48.0,50.0,R,2.0
NC,Oct,2020,44.0,48.0,R,4.0
NC,Oct,2020,47.0,47.0,E,0.0
NC,Oct,2020,49.0,48.0,D,1.0
NC,Oct,2020,51.0,45.0,D,6.0
NC,Oct,2020,47.0,48.0,R,1.0
NC,Oct,2020,47.0,49.0,R,2.0
NC,Oct,2020,49.0,47.0,D,2.0
NC,Oct,2020,49.0,48.0,D,1.0
NC,Oct,2020,50.0,48.0,D,2.0
NC,Oct,2020,46.0,48.0,R,2.0
NC,Oct,2020,52.0,46.0,D,6.0
NC,Oct,2020,52.0,47.0,D,5.0
NC,Oct,2020,49.0,46.0,D,3.0
NC,Oct,2020,51.0,47.0,D,4.0
NC,Oct,2020,48.0,45.0,D,3.0
NC,Oct,2020,48.0,45.0,D,3.0
NC,Oct,2020,49.0,48.0,D,1.0
NC,Oct,2020,49.0,48.0,D,1.0
NC,Oct,2020,48.0,47.0,D,1.0
NC,Oct,2020,50.0,46.0,D,4.0
NC,Oct,2020,47.0,49.0,R,2.0
NC,Oct,2020,50.0,48.0,D,2.0
NC,Oct,2020,48.0,48.0,E,0.0
NC,Oct,2020,48.0,48.0,E,0.0
NC,Oct,2020,47.0,49.0,R,2.0
NC,Oct,2020,47.0,46.0,D,1.0
NC,Oct,2020,51.0,47.0,D,4.0
NC,Oct,2020,46.0,48.8,R,2.799999999999997
NC,Oct,2020,50.0,44.0,D,6.0
NC,Oct,2020,47.0,48.0,R,1.0
NC,Oct,2020,49.0,47.0,D,2.0
NC,Oct,2020,49.0,46.0,D,3.0
NC,Oct,2020,50.0,47.0,D,3.0
NC,Oct,2020,48.0,44.0,D,4.0
NC,Oct,2020,50.0,47.0,D,3.0
NC,Oct,2020,48.0,44.0,D,4.0
NC,Oct,2020,51.0,47.0,D,4.0
NC,Oct,2020,49.0,48.0,D,1.0
NC,Oct,2020,50.0,48.0,D,2.0
NC,Oct,2020,49.0,49.0,E,0.0
NC,Oct,2020,51.0,46.0,D,5.0
NC,Oct,2020,49.0,46.0,D,3.0
NC,Oct,2020,46.0,42.0,D,4.0
NC,Oct,2020,48.0,48.0,E,0.0
NC,Oct,2020,48.0,47.0,D,1.0
NC,Oct,2020,49.0,46.0,D,3.0
NC,Oct,2020,50.0,46.0,D,4.0
NC,Oct,2020,49.0,48.0,D,1.0
NC,Oct,2020,50.0,45.0,D,5.0
NC,Oct,2020,48.0,46.0,D,2.0
NC,Oct,2020,47.0,45.0,D,2.0
NC,Oct,2020,49.0,43.0,D,6.0
NC,Oct,2020,44.0,47.0,R,3.0
NC,Oct,2020,50.0,46.0,D,4.0
NC,Oct,2020,49.0,45.0,D,4.0
NC,Oct,2020,49.0,42.0,D,7.0
NC,Oct,2020,49.0,44.0,D,5.0
NC,Oct,2020,47.0,47.0,E,0.0
NC,Oct,2020,50.0,46.0,D,4.0
NC,Oct,2020,51.0,44.0,D,7.0
NC,Oct,2020,49.0,47.0,D,2.0
NC,Oct,2020,50.0,46.0,D,4.0
NC,Sep,2020,52.0,46.0,D,6.0
NC,Sep,2020,50.0,47.0,D,3.0
NC,Sep,2020,49.0,47.0,D,2.0
NC,Sep,2020,47.0,45.0,D,2.0
NC,Sep,2020,48.0,46.0,D,2.0
NC,Sep,2020,47.0,47.0,E,0.0
NC,Sep,2020,48.0,49.0,R,1.0
NC,Sep,2020,46.0,45.0,D,1.0
NC,Sep,2020,48.0,46.0,D,2.0
NC,Sep,2020,44.0,45.0,R,1.0
NC,Sep,2020,51.0,49.0,D,2.0
NC,Sep,2020,45.0,44.0,D,1.0
NC,Sep,2020,47.0,47.0,E,0.0
NC,Sep,2020,47.0,45.0,D,2.0
NC,Sep,2020,46.2,42.8,D,3.4000000000000057
NC,Sep,2020,47.0,47.0,E,0.0
NC,Sep,2020,49.0,46.0,D,3.0
NC,Sep,2020,45.0,43.0,D,2.0
NC,Sep,2020,46.1,47.8,R,1.6999999999999957
NC,Sep,2020,48.0,49.0,R,1.0
NC,Sep,2020,48.0,48.0,E,0.0
NC,Sep,2020,48.0,47.0,D,1.0
NC,Sep,2020,49.0,47.0,D,2.0
NC,Sep,2020,43.0,44.0,R,1.0
NC,Sep,2020,47.0,45.0,D,2.0
NC,Sep,2020,48.0,46.0,D,2.0
NC,Sep,2020,48.0,46.0,D,2.0
NC,Sep,2020,50.0,46.0,D,4.0
NC,Sep,2020,49.0,45.0,D,4.0
NC,Aug,2020,48.0,51.0,R,3.0
NC,Aug,2020,47.0,49.0,R,2.0
NC,Aug,2020,49.0,47.0,D,2.0
NC,Aug,2020,48.0,47.0,D,1.0
NC,Aug,2020,49.0,46.0,D,3.0
NC,Aug,2020,44.0,46.0,R,2.0
NC,Aug,2020,49.0,46.0,D,3.0
NC,Aug,2020,47.0,47.0,E,0.0
NC,Aug,2020,49.0,51.0,R,2.0
NC,Aug,2020,45.0,44.0,D,1.0
NC,Aug,2020,47.0,48.0,R,1.0
NC,Aug,2020,47.0,48.0,R,1.0
NC,Aug,2020,49.0,45.0,D,4.0
NC,Aug,2020,46.0,44.0,D,2.0
NC,Jul,2020,49.0,46.0,D,3.0
NC,Jul,2020,48.0,44.0,D,4.0
NC,Jul,2020,47.0,37.0,D,10.0
NC,Jul,2020,49.0,50.0,R,1.0
NC,Jul,2020,49.0,46.0,D,3.0
NC,Jul,2020,47.0,47.0,E,0.0
NC,Jul,2020,49.0,46.0,D,3.0
NC,Jul,2020,47.0,48.0,R,1.0
NC,Jul,2020,44.0,40.0,D,4.0
NC,Jul,2020,51.0,44.0,D,7.0
NC,Jul,2020,43.0,42.0,D,1.0
NC,Jul,2020,46.0,49.0,R,3.0
NC,Jul,2020,48.0,49.0,R,1.0
NC,Jul,2020,47.0,46.0,D,1.0
NC,Jul,2020,50.0,46.0,D,4.0
NC,Jun,2020,49.0,49.0,E,0.0
NC,Jun,2020,51.0,44.0,D,7.0
NC,Jun,2020,45.0,44.0,D,1.0
NC,Jun,2020,48.0,46.0,D,2.0
NC,Jun,2020,47.0,45.0,D,2.0
NC,Jun,2020,49.0,40.0,D,9.0
NC,Jun,2020,43.0,46.0,R,3.0
NC,Jun,2020,46.0,40.0,D,6.0
NC,Jun,2020,47.0,45.0,D,2.0
NC,Jun,2020,49.0,45.0,D,4.0
NC,May,2020,46.0,45.0,D,1.0
NC,May,2020,44.0,47.0,R,3.0
NC,May,2020,46.0,49.0,R,3.0
NC,May,2020,42.0,42.0,E,0.0
NC,May,2020,45.0,43.0,D,2.0
NC,May,2020,47.0,47.0,E,0.0
NC,May,2020,43.0,46.0,R,3.0
NC,May,2020,49.0,46.0,D,3.0
NC,Apr,2020,47.0,40.0,D,7.0
NC,Apr,2020,50.0,45.0,D,5.0
NC,Apr,2020,49.0,46.0,D,3.0
NC,Apr,2020,48.0,45.0,D,3.0
NC,Apr,2020,48.0,46.0,D,2.0
NC,Apr,2020,48.0,47.0,D,1.0
NC,Apr,2020,42.0,49.0,R,7.0
NC,Feb,2020,48.0,46.0,D,2.0
NC,Feb,2020,49.0,45.0,D,4.0
NC,Feb,2020,49.0,45.0,D,4.0
NC,Feb,2020,46.0,44.0,D,2.0
NC,Nov,2019,45.0,43.0,D,2.0
NC,Oct,2019,46.0,48.0,R,2.0
NC,Oct,2019,50.0,46.0,D,4.0
NC,Oct,2019,35.0,38.0,R,3.0
NC,Oct,2019,51.0,46.0,D,5.0
NC,Aug,2019,49.0,41.0,D,8.0
NC,Aug,2019,44.0,45.0,R,1.0
NC,Jul,2019,49.0,45.0,D,4.0
NC,Jun,2019,49.0,46.0,D,3.0
NC,Jun,2019,56.0,44.0,D,12.0
NC,Jun,2019,41.0,52.0,R,11.0
NC,Feb,2019,39.0,43.0,R,4.0
NC,Jan,2019,49.0,44.0,D,5.0
NC,Jan,2018,46.0,45.0,D,1.0
ND,Nov,2020,39.0,59.0,R,20.0
ND,Oct,2020,42.0,57.0,R,15.0
ND,Sep,2020,34.0,63.0,R,29.0
ND,Sep,2020,37.0,51.0,R,14.0
ND,Sep,2020,37.0,56.0,R,19.0
ND,Aug,2020,32.0,66.0,R,34.0
ND,Jul,2020,36.0,63.0,R,27.0
ND,Jun,2020,28.0,71.0,R,43.0
ND,Mar,2020,38.0,55.0,R,17.0
ND,Feb,2020,34.0,59.0,R,25.0
ND,Jul,2019,34.0,60.0,R,26.0
ND,May,2019,39.0,54.0,R,15.0
OH,Nov,2020,47.0,51.0,R,4.0
OH,Nov,2020,45.0,49.0,R,4.0
OH,Nov,2020,47.0,47.0,E,0.0
OH,Nov,2020,47.0,52.0,R,5.0
OH,Nov,2020,48.0,49.0,R,1.0
OH,Nov,2020,47.0,43.0,D,4.0
OH,Nov,2020,47.0,50.0,R,3.0
OH,Oct,2020,44.0,49.0,R,5.0
OH,Oct,2020,50.0,49.0,D,1.0
OH,Oct,2020,47.0,49.0,R,2.0
OH,Oct,2020,47.0,50.0,R,3.0
OH,Oct,2020,47.0,49.0,R,2.0
OH,Oct,2020,47.0,51.0,R,4.0
OH,Oct,2020,48.0,43.0,D,5.0
OH,Oct,2020,44.0,55.0,R,11.0
OH,Oct,2020,47.0,49.0,R,2.0
OH,Oct,2020,43.0,44.0,R,1.0
OH,Oct,2020,45.0,48.0,R,3.0
OH,Oct,2020,47.0,49.0,R,2.0
OH,Oct,2020,48.0,47.0,D,1.0
OH,Oct,2020,48.0,47.0,D,1.0
OH,Oct,2020,47.0,50.0,R,3.0
OH,Oct,2020,46.0,49.0,R,3.0
OH,Oct,2020,45.0,47.0,R,2.0
OH,Oct,2020,45.0,44.0,D,1.0
OH,Oct,2020,44.0,48.0,R,4.0
OH,Oct,2020,47.0,47.0,E,0.0
OH,Oct,2020,47.0,48.0,R,1.0
OH,Sep,2020,47.0,51.0,R,4.0
OH,Sep,2020,47.0,49.0,R,2.0
OH,Sep,2020,50.0,45.0,D,5.0
OH,Sep,2020,49.0,44.0,D,5.0
OH,Sep,2020,48.0,47.0,D,1.0
OH,Sep,2020,45.0,44.0,D,1.0
OH,Sep,2020,45.0,48.0,R,3.0
OH,Sep,2020,45.0,50.0,R,5.0
OH,Sep,2020,45.0,51.0,R,6.0
OH,Sep,2020,51.0,47.0,D,4.0
OH,Sep,2020,48.0,46.0,D,2.0
OH,Aug,2020,48.0,51.0,R,3.0
OH,Aug,2020,45.0,50.0,R,5.0
OH,Aug,2020,47.0,47.0,E,0.0
OH,Aug,2020,45.0,49.0,R,4.0
OH,Aug,2020,47.0,46.0,D,1.0
OH,Jul,2020,46.0,52.0,R,6.0
OH,Jul,2020,45.0,48.0,R,3.0
OH,Jul,2020,45.0,46.0,R,1.0
OH,Jul,2020,43.0,41.0,D,2.0
OH,Jul,2020,50.0,46.0,D,4.0
OH,Jul,2020,46.0,42.0,D,4.0
OH,Jun,2020,49.0,50.0,R,1.0
OH,Jun,2020,46.0,45.0,D,1.0
OH,Jun,2020,45.0,43.0,D,2.0
OH,May,2020,42.0,50.0,R,8.0
OH,May,2020,49.0,51.0,R,2.0
OH,Apr,2020,45.0,44.0,D,1.0
OH,Mar,2020,43.0,47.0,R,4.0
OH,Mar,2020,44.0,52.0,R,8.0
OH,Mar,2020,49.0,45.0,D,4.0
OH,Oct,2019,48.0,46.0,D,2.0
OH,Oct,2019,53.0,47.0,D,6.0
OH,Oct,2019,48.0,42.0,D,6.0
OH,Oct,2019,53.0,47.0,D,6.0
OH,Jul,2019,50.0,42.0,D,8.0
OH,Nov,2018,48.0,44.0,D,4.0
OK,Nov,2020,35.0,65.0,R,30.0
OK,Oct,2020,40.0,59.0,R,19.0
OK,Oct,2020,37.0,59.0,R,22.0
OK,Sep,2020,35.0,63.0,R,28.0
OK,Sep,2020,33.0,55.0,R,22.0
OK,Sep,2020,35.0,60.0,R,25.0
OK,Aug,2020,35.0,60.0,R,25.0
OK,Aug,2020,35.0,64.0,R,29.0
OK,Jul,2020,34.0,64.0,R,30.0
OK,Jul,2020,36.0,56.0,R,20.0
OK,Jun,2020,37.0,61.0,R,24.0
OK,Jun,2020,36.0,55.0,R,19.0
OK,Mar,2020,33.0,57.0,R,24.0
OK,Feb,2020,34.0,62.0,R,28.0
OR,Nov,2020,59.0,39.0,D,20.0
OR,Nov,2020,60.0,37.0,D,23.0
OR,Oct,2020,61.0,38.0,D,23.0
OR,Sep,2020,61.0,38.0,D,23.0
OR,Sep,2020,56.0,39.0,D,17.0
OR,Sep,2020,51.0,39.0,D,12.0
OR,Aug,2020,60.0,38.0,D,22.0
OR,Jul,2020,61.0,38.0,D,23.0
OR,Jun,2020,59.0,39.0,D,20.0
PA,Nov,2020,48.0,49.0,R,1.0
PA,Nov,2020,52.0,47.0,D,5.0
PA,Nov,2020,50.0,47.0,D,3.0
PA,Nov,2020,52.0,46.0,D,6.0
PA,Nov,2020,51.0,49.0,D,2.0
PA,Nov,2020,50.0,46.0,D,4.0
PA,Nov,2020,51.0,46.0,D,5.0
PA,Nov,2020,50.0,45.0,D,5.0
PA,Nov,2020,51.0,44.0,D,7.0
PA,Nov,2020,50.0,45.0,D,5.0
PA,Nov,2020,50.0,48.0,D,2.0
PA,Nov,2020,52.0,45.0,D,7.0
PA,Nov,2020,51.0,45.0,D,6.0
PA,Nov,2020,51.0,44.0,D,7.0
PA,Nov,2020,52.0,46.0,D,6.0
PA,Oct,2020,46.0,48.0,R,2.0
PA,Oct,2020,52.0,48.0,D,4.0
PA,Oct,2020,47.4,48.7,R,1.3000000000000043
PA,Oct,2020,49.0,43.0,D,6.0
PA,Oct,2020,52.0,43.0,D,9.0
PA,Oct,2020,52.0,47.0,D,5.0
PA,Oct,2020,49.0,50.0,R,1.0
PA,Oct,2020,56.0,42.0,D,14.0
PA,Oct,2020,52.0,45.0,D,7.0
PA,Oct,2020,50.0,45.0,D,5.0
PA,Oct,2020,51.0,46.0,D,5.0
PA,Oct,2020,51.0,44.0,D,7.0
PA,Oct,2020,49.0,44.0,D,5.0
PA,Oct,2020,52.0,46.0,D,6.0
PA,Oct,2020,51.0,45.0,D,6.0
PA,Oct,2020,52.0,44.0,D,8.0
PA,Oct,2020,49.0,47.0,D,2.0
PA,Oct,2020,51.0,44.0,D,7.0
PA,Oct,2020,52.0,46.0,D,6.0
PA,Oct,2020,52.0,45.0,D,7.0
PA,Oct,2020,51.0,44.0,D,7.0
PA,Oct,2020,50.0,45.0,D,5.0
PA,Oct,2020,45.5,48.5,R,3.0
PA,Oct,2020,48.0,48.0,E,0.0
PA,Oct,2020,47.0,49.0,R,2.0
PA,Oct,2020,50.0,44.0,D,6.0
PA,Oct,2020,50.0,45.0,D,5.0
PA,Oct,2020,51.0,44.0,D,7.0
PA,Oct,2020,51.0,46.0,D,5.0
PA,Oct,2020,52.0,46.0,D,6.0
PA,Oct,2020,52.0,44.0,D,8.0
PA,Oct,2020,44.0,39.0,D,5.0
PA,Oct,2020,53.0,43.0,D,10.0
PA,Oct,2020,51.0,44.0,D,7.0
PA,Oct,2020,52.0,43.0,D,9.0
PA,Oct,2020,50.0,45.0,D,5.0
PA,Oct,2020,50.0,47.0,D,3.0
PA,Oct,2020,51.0,43.0,D,8.0
PA,Oct,2020,49.0,47.0,D,2.0
PA,Oct,2020,49.0,42.0,D,7.0
PA,Oct,2020,49.0,45.0,D,4.0
PA,Oct,2020,49.0,45.0,D,4.0
PA,Oct,2020,48.0,46.0,D,2.0
PA,Oct,2020,51.0,46.0,D,5.0
PA,Oct,2020,46.0,43.0,D,3.0
PA,Oct,2020,51.0,43.0,D,8.0
PA,Oct,2020,47.0,45.0,D,2.0
PA,Oct,2020,49.0,43.0,D,6.0
PA,Oct,2020,50.0,42.0,D,8.0
PA,Oct,2020,47.0,45.0,D,2.0
PA,Oct,2020,52.0,45.0,D,7.0
PA,Oct,2020,51.0,45.0,D,6.0
PA,Oct,2020,51.0,44.0,D,7.0
PA,Oct,2020,52.0,44.0,D,8.0
PA,Oct,2020,49.0,44.0,D,5.0
PA,Oct,2020,51.0,46.0,D,5.0
PA,Oct,2020,50.0,45.0,D,5.0
PA,Oct,2020,52.0,44.0,D,8.0
PA,Oct,2020,49.0,42.0,D,7.0
PA,Oct,2020,51.0,47.0,D,4.0
PA,Oct,2020,54.0,41.0,D,13.0
PA,Oct,2020,50.0,45.0,D,5.0
PA,Oct,2020,50.0,46.0,D,4.0
PA,Oct,2020,54.0,42.0,D,12.0
PA,Oct,2020,54.0,43.0,D,11.0
PA,Oct,2020,53.0,45.0,D,8.0
PA,Oct,2020,51.0,44.0,D,7.0
PA,Oct,2020,49.0,42.0,D,7.0
PA,Sep,2020,52.0,46.0,D,6.0
PA,Sep,2020,54.0,45.0,D,9.0
PA,Sep,2020,49.0,40.0,D,9.0
PA,Sep,2020,50.0,45.0,D,5.0
PA,Sep,2020,50.0,44.0,D,6.0
PA,Sep,2020,51.0,44.0,D,7.0
PA,Sep,2020,51.0,43.0,D,8.0
PA,Sep,2020,47.0,45.0,D,2.0
PA,Sep,2020,48.0,46.0,D,2.0
PA,Sep,2020,49.0,45.0,D,4.0
PA,Sep,2020,49.0,45.0,D,4.0
PA,Sep,2020,48.0,42.0,D,6.0
PA,Sep,2020,53.0,42.0,D,11.0
PA,Sep,2020,50.0,45.0,D,5.0
PA,Sep,2020,47.0,45.0,D,2.0
PA,Sep,2020,49.0,46.0,D,3.0
PA,Sep,2020,52.0,45.0,D,7.0
PA,Sep,2020,49.0,44.0,D,5.0
PA,Sep,2020,48.0,43.0,D,5.0
PA,Sep,2020,49.0,46.0,D,3.0
PA,Sep,2020,53.0,44.0,D,9.0
PA,Sep,2020,50.0,45.0,D,5.0
PA,Sep,2020,50.0,46.0,D,4.0
PA,Sep,2020,51.0,44.0,D,7.0
PA,Sep,2020,44.0,42.0,D,2.0
PA,Sep,2020,48.0,43.0,D,5.0
PA,Sep,2020,52.0,44.0,D,8.0
PA,Sep,2020,50.0,44.0,D,6.0
PA,Aug,2020,49.0,45.0,D,4.0
PA,Aug,2020,49.0,46.0,D,3.0
PA,Aug,2020,48.0,47.0,D,1.0
PA,Aug,2020,51.0,45.0,D,6.0
PA,Aug,2020,53.0,45.0,D,8.0
PA,Aug,2020,49.0,45.0,D,4.0
PA,Aug,2020,48.0,48.0,E,0.0
PA,Aug,2020,52.0,43.0,D,9.0
PA,Aug,2020,50.0,42.0,D,8.0
PA,Aug,2020,49.0,46.0,D,3.0
PA,Aug,2020,50.0,42.0,D,8.0
PA,Aug,2020,53.0,43.0,D,10.0
PA,Aug,2020,48.0,41.0,D,7.0
PA,Aug,2020,51.0,44.0,D,7.0
PA,Aug,2020,49.0,45.0,D,4.0
PA,Aug,2020,50.0,44.0,D,6.0
PA,Aug,2020,53.0,47.0,D,6.0
PA,Aug,2020,48.0,44.0,D,4.0
PA,Aug,2020,49.0,43.0,D,6.0
PA,Aug,2020,50.0,46.0,D,4.0
PA,Aug,2020,50.0,41.0,D,9.0
PA,Jul,2020,50.0,48.0,D,2.0
PA,Jul,2020,48.0,46.0,D,2.0
PA,Jul,2020,50.0,41.0,D,9.0
PA,Jul,2020,50.0,42.0,D,8.0
PA,Jul,2020,48.0,45.0,D,3.0
PA,Jul,2020,44.0,43.0,D,1.0
PA,Jul,2020,51.0,45.0,D,6.0
PA,Jul,2020,48.0,41.0,D,7.0
PA,Jul,2020,50.0,39.0,D,11.0
PA,Jul,2020,51.0,46.0,D,5.0
PA,Jul,2020,47.0,48.0,R,1.0
PA,Jul,2020,53.0,40.0,D,13.0
PA,Jul,2020,52.0,42.0,D,10.0
PA,Jul,2020,51.0,44.0,D,7.0
PA,Jul,2020,50.0,42.0,D,8.0
PA,Jul,2020,48.0,43.0,D,5.0
PA,Jun,2020,50.0,48.0,D,2.0
PA,Jun,2020,50.0,44.0,D,6.0
PA,Jun,2020,46.0,41.0,D,5.0
PA,Jun,2020,49.0,39.0,D,10.0
PA,Jun,2020,50.0,40.0,D,10.0
PA,Jun,2020,49.0,46.0,D,3.0
PA,Jun,2020,54.0,42.0,D,12.0
PA,Jun,2020,49.0,46.0,D,3.0
PA,Jun,2020,49.0,46.0,D,3.0
PA,May,2020,46.0,50.0,R,4.0
PA,May,2020,48.0,44.0,D,4.0
PA,May,2020,48.0,39.0,D,9.0
PA,May,2020,46.0,51.0,R,5.0
PA,Apr,2020,49.0,43.0,D,6.0
PA,Apr,2020,51.0,44.0,D,7.0
PA,Apr,2020,50.0,42.0,D,8.0
PA,Apr,2020,46.0,40.0,D,6.0
PA,Apr,2020,48.0,42.0,D,6.0
PA,Apr,2020,47.0,47.0,E,0.0
PA,Apr,2020,47.0,47.0,E,0.0
PA,Mar,2020,45.0,47.0,R,2.0
PA,Mar,2020,47.0,50.0,R,3.0
PA,Mar,2020,45.0,47.0,R,2.0
PA,Mar,2020,46.0,48.0,R,2.0
PA,Mar,2020,46.0,40.0,D,6.0
PA,Mar,2020,44.0,45.0,R,1.0
PA,Mar,2020,46.0,48.0,R,2.0
PA,Feb,2020,47.0,47.0,E,0.0
PA,Feb,2020,46.0,45.0,D,1.0
PA,Feb,2020,50.0,42.0,D,8.0
PA,Feb,2020,47.0,42.0,D,5.0
PA,Dec,2019,41.0,45.0,R,4.0
PA,Nov,2019,52.0,43.0,D,9.0
PA,Oct,2019,46.0,45.0,D,1.0
PA,Sep,2019,45.0,41.0,D,4.0
PA,Jun,2019,43.0,42.0,D,1.0
PA,May,2019,53.0,42.0,D,11.0
PA,Apr,2019,46.0,45.0,D,1.0
PA,Mar,2019,55.0,45.0,D,10.0
PA,Mar,2019,50.0,43.0,D,7.0
RI,Nov,2020,62.0,36.0,D,26.0
RI,Oct,2020,67.0,32.0,D,35.0
RI,Sep,2020,62.0,37.0,D,25.0
RI,Aug,2020,57.0,41.0,D,16.0
RI,Jul,2020,60.0,39.0,D,21.0
RI,Jun,2020,60.0,40.0,D,20.0
SC,Nov,2020,39.0,51.0,R,12.0
SC,Nov,2020,42.0,56.0,R,14.0
SC,Nov,2020,44.0,53.0,R,9.0
SC,Nov,2020,49.0,50.0,R,1.0
SC,Oct,2020,45.0,51.0,R,6.0
SC,Oct,2020,44.0,54.0,R,10.0
SC,Oct,2020,44.0,50.0,R,6.0
SC,Oct,2020,44.0,51.0,R,7.0
SC,Oct,2020,44.0,52.0,R,8.0
SC,Oct,2020,45.0,51.0,R,6.0
SC,Oct,2020,41.0,49.0,R,8.0
SC,Oct,2020,43.0,52.0,R,9.0
SC,Oct,2020,42.0,54.0,R,12.0
SC,Sep,2020,45.0,53.0,R,8.0
SC,Sep,2020,44.0,49.0,R,5.0
SC,Sep,2020,43.0,47.0,R,4.0
SC,Sep,2020,45.0,50.0,R,5.0
SC,Sep,2020,47.0,48.0,R,1.0
SC,Sep,2020,42.0,52.0,R,10.0
SC,Sep,2020,44.0,50.0,R,6.0
SC,Sep,2020,45.0,51.0,R,6.0
SC,Sep,2020,44.0,51.0,R,7.0
SC,Sep,2020,42.0,52.0,R,10.0
SC,Aug,2020,45.0,53.0,R,8.0
SC,Aug,2020,43.0,51.0,R,8.0
SC,Aug,2020,43.0,50.0,R,7.0
SC,Aug,2020,42.0,47.0,R,5.0
SC,Aug,2020,44.0,49.0,R,5.0
SC,Aug,2020,45.0,48.0,R,3.0
SC,Jul,2020,44.0,53.0,R,9.0
SC,Jul,2020,43.0,50.0,R,7.0
SC,Jul,2020,45.0,50.0,R,5.0
SC,Jul,2020,46.0,50.0,R,4.0
SC,Jul,2020,43.0,50.0,R,7.0
SC,Jun,2020,47.0,52.0,R,5.0
SC,May,2020,42.0,52.0,R,10.0
SC,Feb,2020,42.0,48.0,R,6.0
SC,Feb,2020,40.0,52.0,R,12.0
SC,Jun,2019,38.0,54.0,R,16.0
SC,Mar,2019,48.0,52.0,R,4.0
SD,Nov,2020,36.0,63.0,R,27.0
SD,Oct,2020,40.0,55.0,R,15.0
SD,Oct,2020,41.0,57.0,R,16.0
SD,Oct,2020,40.0,51.0,R,11.0
SD,Sep,2020,41.0,58.0,R,17.0
SD,Aug,2020,38.0,59.0,R,21.0
SD,Jul,2020,35.0,62.0,R,27.0
SD,Jun,2020,37.0,61.0,R,24.0
TN,Nov,2020,45.0,54.0,R,9.0
TN,Nov,2020,41.0,58.0,R,17.0
TN,Oct,2020,42.0,56.0,R,14.0
TN,Sep,2020,41.0,58.0,R,17.0
TN,Aug,2020,40.0,59.0,R,19.0
TN,Jul,2020,38.0,61.0,R,23.0
TN,Jun,2020,37.0,61.0,R,24.0
TN,May,2020,42.0,51.0,R,9.0
TN,May,2020,36.0,53.0,R,17.0
TN,Jan,2020,39.0,55.0,R,16.0
TX,Nov,2020,47.0,51.0,R,4.0
TX,Nov,2020,47.0,51.0,R,4.0
TX,Nov,2020,49.0,48.0,D,1.0
TX,Oct,2020,47.0,50.0,R,3.0
TX,Oct,2020,48.0,49.0,R,1.0
TX,Oct,2020,48.0,48.0,E,0.0
TX,Oct,2020,50.0,48.0,D,2.0
TX,Oct,2020,45.0,50.0,R,5.0
TX,Oct,2020,46.0,50.0,R,4.0
TX,Oct,2020,48.0,48.0,E,0.0
TX,Oct,2020,44.0,52.0,R,8.0
TX,Oct,2020,47.0,51.0,R,4.0
TX,Oct,2020,48.0,49.0,R,1.0
TX,Oct,2020,47.0,48.0,R,1.0
TX,Oct,2020,49.0,48.0,D,1.0
TX,Oct,2020,43.0,47.0,R,4.0
TX,Oct,2020,46.0,49.0,R,3.0
TX,Oct,2020,49.0,45.0,D,4.0
TX,Oct,2020,45.0,50.0,R,5.0
TX,Oct,2020,49.0,47.0,D,2.0
TX,Oct,2020,48.0,47.0,D,1.0
TX,Oct,2020,47.0,47.0,E,0.0
TX,Oct,2020,47.0,46.0,D,1.0
TX,Oct,2020,47.0,49.0,R,2.0
TX,Oct,2020,48.0,48.0,E,0.0
TX,Oct,2020,47.0,49.0,R,2.0
TX,Oct,2020,46.0,49.0,R,3.0
TX,Oct,2020,44.0,51.0,R,7.0
TX,Oct,2020,48.0,48.0,E,0.0
TX,Oct,2020,47.0,45.0,D,2.0
TX,Oct,2020,45.0,50.0,R,5.0
TX,Oct,2020,49.0,49.0,E,0.0
TX,Sep,2020,46.0,52.0,R,6.0
TX,Sep,2020,47.0,49.0,R,2.0
TX,Sep,2020,47.0,48.0,R,1.0
TX,Sep,2020,48.0,48.0,E,0.0
TX,Sep,2020,46.0,49.0,R,3.0
TX,Sep,2020,46.0,50.0,R,4.0
TX,Sep,2020,45.0,47.0,R,2.0
TX,Sep,2020,43.0,46.0,R,3.0
TX,Sep,2020,45.0,50.0,R,5.0
TX,Sep,2020,46.0,48.0,R,2.0
TX,Sep,2020,47.0,47.0,E,0.0
TX,Sep,2020,46.0,46.0,E,0.0
TX,Sep,2020,47.0,48.0,R,1.0
TX,Sep,2020,47.0,49.0,R,2.0
TX,Aug,2020,46.0,52.0,R,6.0
TX,Aug,2020,47.0,48.0,R,1.0
TX,Aug,2020,48.0,44.0,D,4.0
TX,Aug,2020,48.0,45.0,D,3.0
TX,Aug,2020,48.0,47.0,D,1.0
TX,Aug,2020,47.0,48.0,R,1.0
TX,Aug,2020,46.0,47.0,R,1.0
TX,Aug,2020,47.0,45.0,D,2.0
TX,Aug,2020,41.0,48.0,R,7.0
TX,Aug,2020,44.0,50.0,R,6.0
TX,Aug,2020,43.0,49.0,R,6.0
TX,Aug,2020,46.0,47.0,R,1.0
TX,Aug,2020,47.0,46.0,D,1.0
TX,Jul,2020,46.0,52.0,R,6.0
TX,Jul,2020,47.0,45.0,D,2.0
TX,Jul,2020,47.0,45.0,D,2.0
TX,Jul,2020,45.0,49.0,R,4.0
TX,Jul,2020,45.0,44.0,D,1.0
TX,Jul,2020,46.0,46.0,E,0.0
TX,Jul,2020,45.0,46.0,R,1.0
TX,Jul,2020,44.0,46.0,R,2.0
TX,Jul,2020,48.0,43.0,D,5.0
TX,Jul,2020,45.0,46.0,R,1.0
TX,Jun,2020,46.0,51.0,R,5.0
TX,Jun,2020,44.0,48.0,R,4.0
TX,Jun,2020,48.0,46.0,D,2.0
TX,Jun,2020,44.0,47.0,R,3.0
TX,Jun,2020,45.0,44.0,D,1.0
TX,Jun,2020,46.0,48.0,R,2.0
TX,Jun,2020,45.0,48.0,R,3.0
TX,Jun,2020,43.0,48.0,R,5.0
TX,Jun,2020,48.0,48.0,E,0.0
TX,Jun,2020,43.0,44.0,R,1.0
TX,May,2020,43.0,50.0,R,7.0
TX,May,2020,42.0,50.0,R,8.0
TX,May,2020,43.0,49.0,R,6.0
TX,May,2020,48.0,52.0,R,4.0
TX,Apr,2020,47.0,46.0,D,1.0
TX,Apr,2020,43.0,43.0,E,0.0
TX,Apr,2020,44.0,49.0,R,5.0
TX,Mar,2020,43.0,47.0,R,4.0
TX,Feb,2020,45.0,49.0,R,4.0
TX,Feb,2020,48.0,47.0,D,1.0
TX,Feb,2020,46.0,43.0,D,3.0
TX,Feb,2020,44.0,45.0,R,1.0
TX,Feb,2020,44.0,47.0,R,3.0
TX,Jan,2020,44.0,46.0,R,2.0
TX,Jan,2020,40.0,54.0,R,14.0
TX,Jan,2020,46.0,51.0,R,5.0
TX,Dec,2019,47.0,48.0,R,1.0
TX,Nov,2019,44.0,45.0,R,1.0
TX,Nov,2019,39.0,45.0,R,6.0
TX,Oct,2019,39.0,46.0,R,7.0
TX,Sep,2019,40.0,38.0,D,2.0
TX,Sep,2019,47.0,43.0,D,4.0
TX,Aug,2019,43.0,43.0,E,0.0
TX,Aug,2019,41.0,37.0,D,4.0
TX,Aug,2019,51.0,49.0,D,2.0
TX,Jul,2019,37.0,37.0,E,0.0
TX,Jun,2019,48.0,44.0,D,4.0
TX,Apr,2019,42.0,49.0,R,7.0
TX,Apr,2019,51.0,50.0,D,1.0
TX,Feb,2019,46.0,47.0,R,1.0
TX,Feb,2019,46.0,49.0,R,3.0
UT,Nov,2020,43.0,55.0,R,12.0
UT,Oct,2020,43.0,55.0,R,12.0
UT,Oct,2020,44.0,51.0,R,7.0
UT,Oct,2020,38.0,50.0,R,12.0
UT,Oct,2020,40.0,50.0,R,10.0
UT,Sep,2020,42.0,56.0,R,14.0
UT,Sep,2020,35.0,53.0,R,18.0
UT,Aug,2020,41.0,57.0,R,16.0
UT,Aug,2020,31.0,50.0,R,19.0
UT,Jul,2020,40.0,58.0,R,18.0
UT,Jun,2020,41.0,57.0,R,16.0
UT,May,2020,41.0,44.0,R,3.0
UT,Apr,2020,32.0,51.0,R,19.0
UT,Mar,2020,41.0,46.0,R,5.0
UT,Mar,2020,33.0,50.0,R,17.0
UT,Jan,2020,31.0,49.0,R,18.0
UT,Aug,2019,35.0,36.0,R,1.0
VT,Nov,2020,71.0,26.0,D,45.0
VT,Oct,2020,62.0,32.0,D,30.0
VT,Oct,2020,69.0,29.0,D,40.0
VT,Sep,2020,64.0,34.0,D,30.0
VT,Sep,2020,56.0,32.0,D,24.0
VT,Aug,2020,70.0,29.0,D,41.0
VT,Jul,2020,71.0,27.0,D,44.0
VT,Jun,2020,75.0,20.0,D,55.0
VA,Nov,2020,57.0,41.0,D,16.0
VA,Nov,2020,59.0,39.0,D,20.0
VA,Nov,2020,54.0,43.0,D,11.0
VA,Oct,2020,53.0,42.0,D,11.0
VA,Oct,2020,55.0,43.0,D,12.0
VA,Oct,2020,53.0,41.0,D,12.0
VA,Oct,2020,55.0,44.0,D,11.0
VA,Oct,2020,51.0,39.0,D,12.0
VA,Oct,2020,52.0,41.0,D,11.0
VA,Oct,2020,55.0,42.0,D,13.0
VA,Oct,2020,54.0,39.0,D,15.0
VA,Oct,2020,55.0,43.0,D,12.0
VA,Oct,2020,51.0,42.0,D,9.0
VA,Sep,2020,56.0,42.0,D,14.0
VA,Sep,2020,52.0,41.0,D,11.0
VA,Sep,2020,48.0,43.0,D,5.0
VA,Sep,2020,52.0,39.0,D,13.0
VA,Aug,2020,57.0,41.0,D,16.0
VA,Aug,2020,53.0,39.0,D,14.0
VA,Jul,2020,55.0,43.0,D,12.0
VA,Jul,2020,52.0,41.0,D,11.0
VA,Jul,2020,50.0,39.0,D,11.0
VA,Jun,2020,57.0,42.0,D,15.0
VA,May,2020,52.0,42.0,D,10.0
VA,May,2020,51.0,39.0,D,12.0
VA,Apr,2020,51.0,41.0,D,10.0
VA,Feb,2020,45.0,38.0,D,7.0
VA,Feb,2020,48.0,40.0,D,8.0
VA,Dec,2019,49.0,45.0,D,4.0
VA,Dec,2019,49.0,46.0,D,3.0
VA,Oct,2019,52.0,44.0,D,8.0
VA,Sep,2019,55.0,37.0,D,18.0
WA,Nov,2020,62.0,35.0,D,27.0
WA,Nov,2020,59.0,39.0,D,20.0
WA,Oct,2020,62.0,36.0,D,26.0
WA,Oct,2020,60.0,37.0,D,23.0
WA,Oct,2020,55.0,34.0,D,21.0
WA,Sep,2020,64.0,35.0,D,29.0
WA,Sep,2020,58.0,36.0,D,22.0
WA,Aug,2020,61.0,37.0,D,24.0
WA,Jul,2020,62.0,37.0,D,25.0
WA,Jul,2020,62.0,28.0,D,34.0
WA,Jun,2020,62.0,36.0,D,26.0
WA,May,2020,59.0,37.0,D,22.0
WA,May,2020,57.0,31.0,D,26.0
WA,Apr,2020,52.0,39.0,D,13.0
WA,Mar,2020,57.0,34.0,D,23.0
WA,Oct,2019,59.0,37.0,D,22.0
WA,Aug,2019,52.0,31.0,D,21.0
WV,Nov,2020,32.0,67.0,R,35.0
WV,Oct,2020,32.0,66.0,R,34.0
WV,Oct,2020,38.0,58.0,R,20.0
WV,Oct,2020,39.0,53.0,R,14.0
WV,Sep,2020,38.0,56.0,R,18.0
WV,Sep,2020,36.0,62.0,R,26.0
WV,Aug,2020,32.0,65.0,R,33.0
WV,Jul,2020,32.0,67.0,R,35.0
WV,Jun,2020,27.0,72.0,R,45.0
WV,Jan,2020,31.0,66.0,R,35.0
WI,Nov,2020,54.0,44.0,D,10.0
WI,Nov,2020,54.0,45.0,D,9.0
WI,Nov,2020,53.0,45.0,D,8.0
WI,Nov,2020,51.0,47.0,D,4.0
WI,Nov,2020,55.0,45.0,D,10.0
WI,Nov,2020,53.0,43.0,D,10.0
WI,Nov,2020,53.0,43.0,D,10.0
WI,Nov,2020,53.0,45.0,D,8.0
WI,Oct,2020,51.0,49.0,D,2.0
WI,Oct,2020,49.0,46.0,D,3.0
WI,Oct,2020,54.0,41.0,D,13.0
WI,Oct,2020,52.0,45.0,D,7.0
WI,Oct,2020,49.0,50.0,R,1.0
WI,Oct,2020,52.0,44.0,D,8.0
WI,Oct,2020,52.0,41.0,D,11.0
WI,Oct,2020,53.0,41.0,D,12.0
WI,Oct,2020,55.0,43.0,D,12.0
WI,Oct,2020,54.0,45.0,D,9.0
WI,Oct,2020,53.0,44.0,D,9.0
WI,Oct,2020,53.0,44.0,D,9.0
WI,Oct,2020,47.0,47.0,E,0.0
WI,Oct,2020,48.0,43.0,D,5.0
WI,Oct,2020,57.0,40.0,D,17.0
WI,Oct,2020,54.0,43.0,D,11.0
WI,Oct,2020,53.0,44.0,D,9.0
WI,Oct,2020,49.0,44.0,D,5.0
WI,Oct,2020,50.0,44.0,D,6.0
WI,Oct,2020,52.0,42.0,D,10.0
WI,Oct,2020,48.0,45.0,D,3.0
WI,Oct,2020,54.0,42.0,D,12.0
WI,Oct,2020,45.0,45.0,E,0.0
WI,Oct,2020,52.0,44.0,D,8.0
WI,Oct,2020,50.0,45.0,D,5.0
WI,Oct,2020,51.0,45.0,D,6.0
WI,Oct,2020,51.0,43.0,D,8.0
WI,Oct,2020,48.0,46.0,D,2.0
WI,Oct,2020,50.0,45.0,D,5.0
WI,Oct,2020,47.0,45.0,D,2.0
WI,Oct,2020,53.0,40.0,D,13.0
WI,Oct,2020,53.0,43.0,D,10.0
WI,Oct,2020,53.0,45.0,D,8.0
WI,Oct,2020,51.0,41.0,D,10.0
WI,Oct,2020,51.0,45.0,D,6.0
WI,Oct,2020,51.0,44.0,D,7.0
WI,Oct,2020,51.0,44.0,D,7.0
WI,Oct,2020,49.0,45.0,D,4.0
WI,Oct,2020,49.0,43.0,D,6.0
WI,Oct,2020,51.0,41.0,D,10.0
WI,Oct,2020,50.0,44.0,D,6.0
WI,Oct,2020,51.0,44.0,D,7.0
WI,Oct,2020,46.0,41.0,D,5.0
WI,Oct,2020,47.0,42.0,D,5.0
WI,Sep,2020,53.0,44.0,D,9.0
WI,Sep,2020,47.0,44.0,D,3.0
WI,Sep,2020,48.0,43.0,D,5.0
WI,Sep,2020,48.0,46.0,D,2.0
WI,Sep,2020,48.0,45.0,D,3.0
WI,Sep,2020,54.0,44.0,D,10.0
WI,Sep,2020,50.0,41.0,D,9.0
WI,Sep,2020,50.0,46.0,D,4.0
WI,Sep,2020,51.0,42.0,D,9.0
WI,Sep,2020,51.0,44.0,D,7.0
WI,Sep,2020,47.0,41.0,D,6.0
WI,Sep,2020,48.0,43.0,D,5.0
WI,Sep,2020,51.0,42.0,D,9.0
WI,Sep,2020,51.0,44.0,D,7.0
WI,Sep,2020,51.0,42.0,D,9.0
WI,Sep,2020,52.0,42.0,D,10.0
WI,Sep,2020,52.0,46.0,D,6.0
WI,Sep,2020,48.0,43.0,D,5.0
WI,Sep,2020,52.0,45.0,D,7.0
WI,Sep,2020,50.0,45.0,D,5.0
WI,Sep,2020,50.0,44.0,D,6.0
WI,Sep,2020,50.0,44.0,D,6.0
WI,Sep,2020,50.0,44.0,D,6.0
WI,Sep,2020,50.0,41.0,D,9.0
WI,Sep,2020,48.0,44.0,D,4.0
WI,Sep,2020,51.0,43.0,D,8.0
WI,Sep,2020,50.0,42.0,D,8.0
WI,Sep,2020,49.0,41.0,D,8.0
WI,Aug,2020,48.0,49.0,R,1.0
WI,Aug,2020,53.0,40.0,D,13.0
WI,Aug,2020,52.0,42.0,D,10.0
WI,Aug,2020,49.0,44.0,D,5.0
WI,Aug,2020,45.0,46.0,R,1.0
WI,Aug,2020,52.0,44.0,D,8.0
WI,Aug,2020,49.0,40.0,D,9.0
WI,Aug,2020,51.0,45.0,D,6.0
WI,Aug,2020,49.0,43.0,D,6.0
WI,Aug,2020,50.0,43.0,D,7.0
WI,Aug,2020,47.0,43.0,D,4.0
WI,Aug,2020,50.0,46.0,D,4.0
WI,Aug,2020,48.0,42.0,D,6.0
WI,Aug,2020,55.0,43.0,D,12.0
WI,Aug,2020,49.0,43.0,D,6.0
WI,Aug,2020,47.0,47.0,E,0.0
WI,Aug,2020,51.0,41.0,D,10.0
WI,Jul,2020,53.0,42.0,D,11.0
WI,Jul,2020,50.0,48.0,D,2.0
WI,Jul,2020,52.0,38.0,D,14.0
WI,Jul,2020,48.0,43.0,D,5.0
WI,Jul,2020,45.0,35.0,D,10.0
WI,Jul,2020,49.0,44.0,D,5.0
WI,Jul,2020,50.0,42.0,D,8.0
WI,Jul,2020,51.0,42.0,D,9.0
WI,Jul,2020,46.0,45.0,D,1.0
WI,Jul,2020,50.0,41.0,D,9.0
WI,Jul,2020,48.0,42.0,D,6.0
WI,Jul,2020,50.0,44.0,D,6.0
WI,Jun,2020,51.0,47.0,D,4.0
WI,Jun,2020,51.0,43.0,D,8.0
WI,Jun,2020,45.0,46.0,R,1.0
WI,Jun,2020,45.0,44.0,D,1.0
WI,Jun,2020,50.0,44.0,D,6.0
WI,Jun,2020,45.0,36.0,D,9.0
WI,Jun,2020,52.0,44.0,D,8.0
WI,Jun,2020,55.0,39.0,D,16.0
WI,Jun,2020,49.0,38.0,D,11.0
WI,Jun,2020,49.0,44.0,D,5.0
WI,Jun,2020,48.0,44.0,D,4.0
WI,Jun,2020,48.0,44.0,D,4.0
WI,Jun,2020,49.0,40.0,D,9.0
WI,May,2020,45.0,45.0,E,0.0
WI,May,2020,48.0,44.0,D,4.0
WI,May,2020,49.0,42.0,D,7.0
WI,May,2020,48.0,38.0,D,10.0
WI,May,2020,51.0,42.0,D,9.0
WI,May,2020,49.0,45.0,D,4.0
WI,May,2020,49.0,43.0,D,6.0
WI,Apr,2020,50.0,45.0,D,5.0
WI,Apr,2020,43.0,40.0,D,3.0
WI,Apr,2020,50.0,45.0,D,5.0
WI,Apr,2020,48.0,47.0,D,1.0
WI,Mar,2020,48.0,45.0,D,3.0
WI,Mar,2020,45.0,45.0,E,0.0
WI,Mar,2020,45.0,49.0,R,4.0
WI,Mar,2020,45.0,49.0,R,4.0
WI,Mar,2020,48.0,45.0,D,3.0
WI,Mar,2020,44.0,42.0,D,2.0
WI,Mar,2020,43.0,45.0,R,2.0
WI,Feb,2020,46.0,46.0,E,0.0
WI,Feb,2020,45.0,43.0,D,2.0
WI,Feb,2020,42.0,49.0,R,7.0
WI,Feb,2020,42.0,44.0,R,2.0
WI,Jan,2020,47.0,46.0,D,1.0
WI,Jan,2020,48.0,47.0,D,1.0
WI,Jan,2020,46.0,41.0,D,5.0
WI,Dec,2019,49.0,47.0,D,2.0
WI,Dec,2019,39.0,48.0,R,9.0
WI,Nov,2019,45.0,48.0,R,3.0
WI,Oct,2019,46.0,44.0,D,2.0
WI,Oct,2019,51.0,44.0,D,7.0
WI,Oct,2019,48.0,39.0,D,9.0
WI,Sep,2019,44.0,42.0,D,2.0
WI,Aug,2019,51.0,44.0,D,7.0
WI,Jun,2019,46.0,40.0,D,6.0
WI,Apr,2019,42.0,46.0,R,4.0
WI,Apr,2019,50.0,40.0,D,10.0
WI,Mar,2019,53.0,40.0,D,13.0
WI,Mar,2019,54.0,46.0,D,8.0
WY,Nov,2020,33.0,66.0,R,33.0
WY,Oct,2020,31.0,59.0,R,28.0
WY,Oct,2020,31.0,68.0,R,37.0
WY,Sep,2020,34.0,65.0,R,31.0
WY,Aug,2020,25.0,74.0,R,49.0
WY,Jul,2020,28.0,70.0,R,42.0
WY,Jun,2020,22.0,78.0,R,56.0
